company,tran_date,type_str,service,amount,rate_code,account
1,31-03-17,Charge,WATER,29.95,WR1,3-1094N
1,31-03-17,Charge,WATER,10,WR1,4-9738L
1,31-03-17,Charge,WATER,29.95,WR1,6-1854C
1,31-03-17,Charge,WATER,17.98,WR1,14-6711Y
1,31-03-17,Charge,WATER,10,WR1,13-9642C
1,31-03-17,Charge,WATER,25.96,WR1,11-8362J
1,31-03-17,Charge,WATER,29.95,WR1,7-7712Q
1,31-03-17,Charge,WATER,43.03,WR1,15-6146W
1,31-03-17,Charge,WATER,47.39,WR1,15-7782L
1,31-03-17,Charge,WATER,81.68,WR1,8-9707E
1,31-03-17,Charge,WATER,21.97,WR1,10-2254L
1,31-03-17,Charge,WATER,25.96,WR1,5-4306J
1,31-03-17,Charge,WATER,29.95,WR1,11-6729J
1,31-03-17,Charge,WATER,21.97,WR1,8-1075N
1,31-03-17,Charge,WATER,25.96,WR1,15-3063R
1,31-03-17,Charge,WATER,38.67,WR1,12-5166N
1,31-03-17,Charge,WATER,13.99,WR1,7-1297P
1,31-03-17,Charge,WATER,34.31,WR1,13-2038J
1,31-03-17,Charge,WATER,29.95,WR1,4-6530I
1,31-03-17,Charge,WATER,10,WR1,2-1119X
1,31-03-17,Charge,WATER,25.96,WR1,4-3281X
1,31-03-17,Charge,WATER,34.31,WR1,11-4649C
1,31-03-17,Charge,WATER,212.18,WR1,14-7229K
1,31-03-17,Charge,WATER,25.96,WR1,10-3972Q
1,31-03-17,Charge,WATER,25.96,WR1,7-6316L
1,31-03-17,Charge,WATER,34.31,WR1,8-7487J
1,31-03-17,Charge,WATER,34.31,WR1,13-4345X
1,31-03-17,Charge,WATER,29.95,WR1,8-6509A
1,31-03-17,Charge,WATER,34.31,WR1,8-3653O
1,31-03-17,Charge,WATER,13.99,WR1,12-4823M
1,31-03-17,Charge,WATER,29.95,WR1,5-5363G
1,31-03-17,Charge,WATER,13.99,WR1,15-1277L
1,31-03-17,Charge,WATER,21.97,WR1,2-9407J
1,31-03-17,Charge,WATER,25.96,WR1,1-6508R
1,31-03-17,Charge,WATER,38.67,WR1,8-3061H
1,31-03-17,Charge,WATER,25.96,WR1,6-2570H
1,31-03-17,Charge,WATER,17.98,WR1,5-4782G
1,31-03-17,Charge,WATER,43.03,WR1,10-7195P
1,31-03-17,Charge,WATER,17.98,WR1,5-5061O
1,31-03-17,Charge,WATER,38.67,WR1,11-6288S
1,31-03-17,Charge,WATER,38.67,WR1,15-2865W
1,31-03-17,Charge,WATER,29.95,WR1,12-7668O
1,31-03-17,Charge,WATER,17.98,WR1,15-5683X
1,31-03-17,Charge,WATER,38.67,WR1,9-5526B
1,31-03-17,Charge,WATER,25.96,WR1,1-4758R
1,31-03-17,Charge,WATER,43.03,WR1,1-7580B
1,31-03-17,Charge,WATER,25.96,WR1,13-9322H
1,31-03-17,Charge,WATER,38.67,WR1,4-4214M
1,31-03-17,Charge,WATER,74.61,WR1,13-3809P
1,31-03-17,Charge,WATER,21.97,WR1,4-4531S
1,31-03-17,Charge,WATER,17.98,WR1,4-9151D
1,31-03-17,Charge,WATER,17.98,WR1,3-5344N
1,31-03-17,Charge,WATER,29.95,WR1,10-5303G
1,31-03-17,Charge,WATER,29.95,WR1,8-9637E
1,31-03-17,Charge,WATER,0,WR1,3-7542L
1,31-03-17,Charge,WATER,10,WR1,3-8541G
1,31-03-17,Charge,WATER,25.96,WR1,2-2168O
1,31-03-17,Charge,WATER,47.39,WR1,7-7412D
1,31-03-17,Charge,WATER,43.03,WR1,14-3896Y
1,31-03-17,Charge,WATER,166.52,WR1,1-2649A
1,31-03-17,Charge,WATER,34.31,WR1,2-6662S
1,31-03-17,Charge,WATER,102.89,WR1,2-8251E
1,31-03-17,Charge,WATER,25.96,WR1,8-1438P
1,31-03-17,Charge,WATER,34.31,WR1,14-9218R
1,31-03-17,Charge,WATER,25.96,WR1,7-8970U
1,31-03-17,Charge,WATER,29.95,WR1,3-1008A
1,31-03-17,Charge,WATER,13.99,WR1,15-9076A
1,31-03-17,Charge,WATER,56.11,WR1,1-5703E
1,31-03-17,Charge,WATER,20,WR1,4-3180E
1,31-03-17,Charge,WATER,17.98,WR1,12-8818M
1,31-03-17,Charge,WATER,34.31,WR1,13-9433F
1,31-03-17,Charge,WATER,17.98,WR1,14-7773S
1,31-03-17,Charge,WATER,21.97,WR1,14-1323G
1,31-03-17,Charge,WATER,10,WR1,5-1872W
1,31-03-17,Charge,WATER,10,WR1,12-9466P
1,31-03-17,Charge,WATER,38.67,WR1,8-1898I
1,31-03-17,Charge,WATER,21.97,WR1,12-2211M
1,31-03-17,Charge,WATER,38.67,WR1,13-3752L
1,31-03-17,Charge,WATER,38.67,WR1,14-6978B
1,31-03-17,Charge,WATER,145.31,WR1,2-1586S
1,31-03-17,Charge,WATER,21.97,WR1,1-4498I
1,31-03-17,Charge,WATER,43.03,WR1,11-8571Z
1,31-03-17,Charge,WATER,21.97,WR1,6-4213Y
1,31-03-17,Charge,WATER,38.67,WR1,4-4238P
1,31-03-17,Charge,WATER,13.99,WR1,12-5488O
1,31-03-17,Charge,WATER,34.31,WR1,10-8104I
1,31-03-17,Charge,WATER,38.67,WR1,14-4348R
1,31-03-17,Charge,WATER,29.95,WR1,5-3138N
1,31-03-17,Charge,WATER,34.31,WR1,12-3763P
1,31-03-17,Charge,WATER,13.99,WR1,9-2827Y
1,31-03-17,Charge,WATER,51.75,WR1,5-6574Q
1,31-03-17,Charge,WATER,21.97,WR1,15-8309C
1,31-03-17,Charge,WATER,25.96,WR1,6-7878W
1,31-03-17,Charge,WATER,43.03,WR1,3-1644U
1,31-03-17,Charge,WATER,21.97,WR1,1-8252B
1,31-03-17,Charge,WATER,29.95,WR1,12-8331W
1,31-03-17,Charge,WATER,29.95,WR1,13-7731K
1,31-03-17,Charge,WATER,34.31,WR1,12-8066M
1,31-03-17,Charge,WATER,34.31,WR1,15-8227Y
1,31-03-17,Charge,WATER,13.99,WR1,5-9360R
1,31-03-17,Charge,WATER,47.39,WR1,6-5404S
1,31-03-17,Charge,WATER,43.03,WR1,12-7727V
1,31-03-17,Charge,WATER,38.67,WR1,3-6664L
1,31-03-17,Charge,WATER,25.96,WR1,5-1654T
1,31-03-17,Charge,WATER,29.95,WR1,3-3231D
1,31-03-17,Charge,WATER,60.47,WR1,1-9806F
1,31-03-17,Charge,WATER,21.97,WR1,10-5509N
1,31-03-17,Charge,WATER,17.98,WR1,10-5988O
1,31-03-17,Charge,WATER,17.98,WR1,5-7734K
1,31-03-17,Charge,WATER,34.31,WR1,4-6172Y
1,31-03-17,Charge,WATER,34.31,WR1,6-9832L
1,31-03-17,Charge,WATER,29.95,WR1,13-2638X
1,31-03-17,Charge,WATER,43.03,WR1,15-3333D
1,31-03-17,Charge,WATER,21.97,WR1,13-2222B
1,31-03-17,Charge,WATER,21.97,WR1,15-6423R
1,31-03-17,Charge,WATER,25.96,WR1,6-2868W
1,31-03-17,Charge,WATER,95.82,WR1,1-8717B
1,31-03-17,Charge,WATER,43.03,WR1,12-7745W
1,31-03-17,Charge,WATER,43.03,WR1,13-8332A
1,31-03-17,Charge,WATER,25.96,WR1,12-7838I
1,31-03-17,Charge,WATER,38.67,WR1,1-6714Z
1,31-03-17,Charge,WATER,13.99,WR1,6-3947C
1,31-03-17,Charge,WATER,88.75,WR1,8-9434Q
1,31-03-17,Charge,WATER,17.98,WR1,9-4483D
1,31-03-17,Charge,WATER,34.31,WR1,12-1162S
1,31-03-17,Charge,WATER,29.95,WR1,11-6222D
1,31-03-17,Charge,WATER,43.03,WR1,5-6890K
1,31-03-17,Charge,WATER,25.96,WR1,5-5038S
1,31-03-17,Charge,WATER,34.31,WR1,1-7267N
1,31-03-17,Charge,WATER,17.98,WR1,10-4536N
1,31-03-17,Charge,WATER,67.54,WR1,14-7161V
1,31-03-17,Charge,WATER,34.31,WR1,4-1394X
1,31-03-17,Charge,WATER,21.97,WR1,7-2820W
1,31-03-17,Charge,WATER,17.98,WR1,12-1927U
1,31-03-17,Charge,WATER,21.97,WR1,7-2832D
1,31-03-17,Charge,WATER,17.98,WR1,14-2597B
1,31-03-17,Charge,WATER,13.99,WR1,14-5244Q
1,31-03-17,Charge,WATER,38.67,WR1,6-6175D
1,31-03-17,Charge,WATER,60.47,WR1,12-6698R
1,31-03-17,Charge,WATER,67.54,WR1,1-7374R
1,31-03-17,Charge,WATER,10,WR1,7-4653C
1,31-03-17,Charge,WATER,67.54,WR1,4-8174K
1,31-03-17,Charge,WATER,13.99,WR1,8-4441U
1,31-03-17,Charge,WATER,51.75,WR1,6-2753F
1,31-03-17,Charge,WATER,34.31,WR1,5-2356X
1,31-03-17,Charge,WATER,38.67,WR1,2-4451N
1,31-03-17,Charge,WATER,38.67,WR1,4-5392U
1,31-03-17,Charge,WATER,10,WR1,4-6225S
1,31-03-17,Charge,WATER,10,WR1,5-7420X
1,31-03-17,Charge,WATER,21.97,WR1,12-9249B
1,31-03-17,Charge,WATER,34.31,WR1,12-8770A
1,31-03-17,Charge,WATER,10,WR1,15-5534N
1,31-03-17,Charge,WATER,10,WR1,10-7175U
1,31-03-17,Charge,WATER,13.99,WR1,4-2529P
1,31-03-17,Charge,WATER,51.75,WR1,14-4305Q
1,31-03-17,Charge,WATER,43.03,WR1,4-3867I
1,31-03-17,Charge,WATER,47.39,WR1,8-2004G
1,31-03-17,Charge,WATER,29.95,WR1,15-3019Z
1,31-03-17,Charge,WATER,47.39,WR1,15-1334F
1,31-03-17,Charge,WATER,29.95,WR1,15-4318I
1,31-03-17,Charge,WATER,21.97,WR1,4-8163I
1,03-03-17,Charge,WATER,25.96,WR1,3-7266P
1,31-03-17,Charge,WATER,25.96,WR1,11-5487Q
1,31-03-17,Charge,WATER,34.31,WR1,12-6134O
1,31-03-17,Charge,WATER,13.99,WR1,11-3098P
1,31-03-17,Charge,WATER,60.47,WR1,11-2432W
1,31-03-17,Charge,WATER,17.98,WR1,12-1374P
1,31-03-17,Charge,WATER,25.96,WR1,13-7583G
1,31-03-17,Charge,WATER,17.98,WR1,10-2460Q
1,31-03-17,Charge,WATER,29.95,WR1,15-5767Z
1,31-03-17,Charge,WATER,17.98,WR1,15-5926P
1,31-03-17,Charge,WATER,21.97,WR1,7-2151Z
1,31-03-17,Charge,WATER,29.95,WR1,3-9636B
1,31-03-17,Charge,WATER,13.99,WR1,14-6008L
1,31-03-17,Charge,WATER,38.67,WR1,14-3512N
1,31-03-17,Charge,WATER,56.11,WR1,9-7869O
1,31-03-17,Charge,WATER,17.98,WR1,10-4099H
1,31-03-17,Charge,WATER,34.31,WR1,2-1555X
1,31-03-17,Charge,WATER,17.98,WR1,10-2355F
1,31-03-17,Charge,WATER,17.98,WR1,1-5522E
1,31-03-17,Charge,WATER,29.95,WR1,6-9782G
1,31-03-17,Charge,WATER,25.96,WR1,15-3624W
1,31-03-17,Charge,WATER,13.99,WR1,15-2087Y
1,31-03-17,Charge,WATER,29.95,WR1,14-7081Z
1,31-03-17,Charge,WATER,25.96,WR1,8-8679R
1,31-03-17,Charge,WATER,43.03,WR1,9-9995I
1,31-03-17,Charge,WATER,74.61,WR1,8-5482Z
1,31-03-17,Charge,WATER,25.96,WR1,4-9180U
1,31-03-17,Charge,WATER,34.31,WR1,8-8937K
1,31-03-17,Charge,WATER,34.31,WR1,14-4110K
1,31-03-17,Charge,WATER,95.82,WR1,4-8550Z
1,31-03-17,Charge,WATER,25.96,WR1,1-9318K
1,31-03-17,Charge,WATER,138.24,WR1,11-5263L
1,31-03-17,Charge,WATER,29.95,WR1,11-3806G
1,31-03-17,Charge,WATER,43.03,WR1,4-3592D
1,31-03-17,Charge,WATER,25.96,WR1,3-4600W
1,31-03-17,Charge,WATER,25.96,WR1,11-9677R
1,31-03-17,Charge,WATER,25.96,WR1,14-5741I
1,31-03-17,Charge,WATER,56.11,WR1,4-8754Y
1,31-03-17,Charge,WATER,13.99,WR1,6-2119X
1,31-03-17,Charge,WATER,21.97,WR1,12-2825M
1,31-03-17,Charge,WATER,43.03,WR1,9-6361X
1,31-03-17,Charge,WATER,131.17,WR1,15-3486A
1,31-03-17,Charge,WATER,29.95,WR1,9-4576Z
1,31-03-17,Charge,WATER,34.31,WR1,3-8033V
1,31-03-17,Charge,WATER,25.96,WR1,14-3390L
1,31-03-17,Charge,WATER,29.95,WR1,14-9689H
1,31-03-17,Charge,WATER,29.95,WR1,15-4092T
1,31-03-17,Charge,WATER,13.99,WR1,5-4959B
1,31-03-17,Charge,WATER,29.95,WR1,9-6337U
1,31-03-17,Charge,WATER,43.03,WR1,3-5605E
1,31-03-17,Charge,WATER,17.98,WR1,8-4522C
1,31-03-17,Charge,WATER,17.98,WR1,10-6755L
1,31-03-17,Charge,WATER,95.82,WR1,7-7661H
1,31-03-17,Charge,WATER,34.31,WR1,13-2965G
1,31-03-17,Charge,WATER,43.03,WR1,11-6162Q
1,31-03-17,Charge,WATER,74.61,WR1,3-4593M
1,31-03-17,Charge,WATER,43.03,WR1,3-3556Y
1,31-03-17,Charge,WATER,10,WR1,5-8039T
1,31-03-17,Charge,WATER,34.31,WR1,2-2424R
1,31-03-17,Charge,WATER,21.97,WR1,14-4787F
1,31-03-17,Charge,WATER,25.96,WR1,4-3744A
1,31-03-17,Charge,WATER,38.67,WR1,7-5652E
1,31-03-17,Charge,WATER,10,WR1,9-5424Y
1,31-03-17,Charge,WATER,47.39,WR1,3-4372I
1,31-03-17,Charge,WATER,38.67,WR1,10-5387B
1,31-03-17,Charge,WATER,17.98,WR1,11-3877K
1,31-03-17,Charge,WATER,17.98,WR1,11-3418L
1,31-03-17,Charge,WATER,25.96,WR1,15-3116F
1,31-03-17,Charge,WATER,38.67,WR1,3-6453X
1,31-03-17,Charge,WATER,10,WR1,7-5802C
1,31-03-17,Charge,WATER,17.98,WR1,14-5914R
1,31-03-17,Charge,WATER,21.97,WR1,13-9109V
1,31-03-17,Charge,WATER,25.96,WR1,10-8778H
1,31-03-17,Charge,WATER,34.31,WR1,12-3055D
1,31-03-17,Charge,WATER,25.96,WR1,1-1147P
1,31-03-17,Charge,WATER,25.96,WR1,4-6562B
1,31-03-17,Charge,WATER,21.97,WR1,7-1035B
1,31-03-17,Charge,WATER,29.95,WR1,4-7737X
1,31-03-17,Charge,WATER,38.67,WR1,13-7778L
1,31-03-17,Charge,WATER,25.96,WR1,3-8646U
1,31-03-17,Charge,WATER,21.97,WR1,12-4526Q
1,31-03-17,Charge,WATER,17.98,WR1,3-2131E
1,31-03-17,Charge,WATER,17.98,WR1,6-9281M
1,31-03-17,Charge,WATER,43.03,WR1,12-5407C
1,31-03-17,Charge,WATER,17.98,WR1,7-5333I
1,31-03-17,Charge,WATER,13.99,WR1,12-4603E
1,31-03-17,Charge,WATER,13.99,WR1,11-6524H
1,31-03-17,Charge,WATER,13.99,WR1,15-3851G
1,31-03-17,Charge,WATER,29.95,WR1,8-2340N
1,31-03-17,Charge,WATER,25.96,WR1,15-8078Y
1,31-03-17,Charge,WATER,43.03,WR1,3-2583U
1,31-03-17,Charge,WATER,29.95,WR1,4-2891P
1,31-03-17,Charge,WATER,25.96,WR1,4-5191Y
1,31-03-17,Charge,WATER,17.98,WR1,15-1070S
1,31-03-17,Charge,WATER,25.96,WR1,8-3414I
1,31-03-17,Charge,WATER,95.82,WR1,6-2465Z
1,31-03-17,Charge,WATER,29.95,WR1,2-1552J
1,31-03-17,Charge,WATER,34.31,WR1,3-1046K
1,31-03-17,Charge,WATER,25.96,WR1,8-9757I
1,31-03-17,Charge,WATER,25.96,WR1,13-8930Q
1,31-03-17,Charge,WATER,1542.15,W1M,7-9808G
1,31-03-17,Charge,WATER,2594.55,W1M,8-6735O
1,31-03-17,Charge,WATER,34.31,WR1,11-9634A
1,31-03-17,Charge,WATER,17.98,WR1,6-9412V
1,31-03-17,Charge,WATER,25.96,WR1,5-3455T
1,31-03-17,Charge,WATER,60.47,WR1,4-1328K
1,31-03-17,Charge,WATER,38.67,WR1,3-5307T
1,31-03-17,Charge,WATER,10,WR1,1-8029P
1,31-03-17,Charge,WATER,10,WR1,14-3387D
1,31-03-17,Charge,WATER,56.11,WR1,1-1940Z
1,31-03-17,Charge,WATER,20.7,W1C,5-4361U
1,31-03-17,Charge,WATER,117,W1C,14-5485J
1,31-03-17,Charge,WATER,21.97,WR1,14-1055W
1,31-03-17,Charge,WATER,38.67,WR1,10-3910X
1,31-03-17,Charge,WATER,29.95,WR1,13-7351K
1,31-03-17,Charge,WATER,88.75,WR1,15-2306L
1,31-03-17,Charge,WATER,17.98,WR1,8-9703E
1,31-03-17,Charge,WATER,21.97,WR1,5-7076J
1,31-03-17,Charge,WATER,34.31,WR1,9-7032I
1,31-03-17,Charge,WATER,25.96,WR1,9-9835W
1,31-03-17,Charge,WATER,81.68,WR1,6-4682W
1,31-03-17,Charge,WATER,58.65,W1C,8-9458E
1,31-03-17,Charge,WATER,10,WR1,8-8957P
1,31-03-17,Charge,WATER,69.35,W1C,10-6248S
1,31-03-17,Charge,WATER,165.65,W1C,7-6724N
1,31-03-17,Charge,WATER,74.61,WR1,11-5391H
1,31-03-17,Charge,WATER,51.75,WR1,10-6966A
1,31-03-17,Charge,WATER,29.95,WR1,5-8096W
1,31-03-17,Charge,WATER,38.67,WR1,3-4013X
1,31-03-17,Charge,WATER,47.39,WR1,7-4488F
1,31-03-17,Charge,WATER,29.95,WR1,8-3825T
1,31-03-17,Charge,WATER,21.97,WR1,11-4587N
1,31-03-17,Charge,WATER,38.67,WR1,9-2831K
1,31-03-17,Charge,WATER,43.03,WR1,2-4078E
1,31-03-17,Charge,WATER,43.03,WR1,8-9184V
1,31-03-17,Charge,WATER,29.95,WR1,15-8223I
1,31-03-17,Charge,WATER,38.67,WR1,11-1647L
1,31-03-17,Charge,WATER,21.97,WR1,7-9025A
1,31-03-17,Charge,WATER,10,WR1,11-4968L
1,31-03-17,Charge,WATER,43.03,WR1,9-6870Y
1,31-03-17,Charge,WATER,13.99,WR1,2-7950C
1,31-03-17,Charge,WATER,102.89,WR1,8-9211Y
1,31-03-17,Charge,WATER,17.98,WR1,6-4654O
1,31-03-17,Charge,WATER,47.39,WR1,3-3685P
1,31-03-17,Charge,WATER,43.03,WR1,7-8040J
1,31-03-17,Charge,WATER,47.39,WR1,14-1977B
1,31-03-17,Charge,WATER,21.97,WR1,12-7643L
1,31-03-17,Charge,WATER,47.39,WR1,10-6541T
1,31-03-17,Charge,WATER,34.31,WR1,14-5937X
1,31-03-17,Charge,WATER,103.77,WR1,8-8812K
1,31-03-17,Charge,WATER,34.31,WR1,12-1751D
1,31-03-17,Charge,WATER,34.31,WR1,4-8177Y
1,31-03-17,Charge,WATER,47.39,WR1,10-9057X
1,31-03-17,Charge,WATER,25.96,WR1,11-7366E
1,31-03-17,Charge,WATER,47.39,WR1,3-6502Z
1,31-03-17,Charge,WATER,38.67,WR1,15-5951M
1,31-03-17,Charge,WATER,21.97,WR1,15-4695T
1,31-03-17,Charge,WATER,56.11,WR1,11-6792K
1,31-03-17,Charge,WATER,13.99,WR1,11-2754H
1,31-03-17,Charge,WATER,21.97,WR1,4-7871F
1,31-03-17,Charge,WATER,21.97,WR1,10-7710U
1,31-03-17,Charge,WATER,25.96,WR1,5-4969A
1,31-03-17,Charge,WATER,21.97,WR1,8-5742J
1,31-03-17,Charge,WATER,56.11,WR1,2-2334S
1,31-03-17,Charge,WATER,29.95,WR1,12-9686F
1,31-03-17,Charge,WATER,326.28,WR1,2-3336S
1,31-03-17,Charge,WATER,29.95,WR1,9-3510R
1,31-03-17,Charge,WATER,47.39,WR1,14-3204N
1,31-03-17,Charge,WATER,21.97,WR1,6-2288D
1,31-03-17,Charge,WATER,38.67,WR1,13-5291W
1,31-03-17,Charge,WATER,43.03,WR1,3-7642I
1,31-03-17,Charge,WATER,21.97,WR1,2-2740I
1,31-03-17,Charge,WATER,25.96,WR1,13-1404D
1,31-03-17,Charge,WATER,51.75,WR1,15-8658A
1,31-03-17,Charge,WATER,25.96,WR1,5-4403S
1,31-03-17,Charge,WATER,29.95,WR1,1-9026K
1,31-03-17,Charge,WATER,29.95,WR1,14-9719N
1,31-03-17,Charge,WATER,17.98,WR1,15-4136B
1,31-03-17,Charge,WATER,51.75,WR1,10-8044R
1,31-03-17,Charge,WATER,29.95,WR1,6-3480X
1,31-03-17,Charge,WATER,10,WR1,6-5056N
1,31-03-17,Charge,WATER,29.95,WR1,10-6655I
1,31-03-17,Charge,WATER,34.31,WR1,3-5574J
1,31-03-17,Charge,WATER,29.95,WR1,4-3057C
1,31-03-17,Charge,WATER,34.31,WR1,1-7362K
1,31-03-17,Charge,WATER,34.31,WR1,2-8788B
1,31-03-17,Charge,WATER,34.31,WR1,7-5059V
1,31-03-17,Charge,WATER,38.67,WR1,15-5227N
1,31-03-17,Charge,WATER,13.99,WR1,2-9362H
1,31-03-17,Charge,WATER,29.95,WR1,8-2179C
1,31-03-17,Charge,WATER,17.98,WR1,14-7900E
1,31-03-17,Charge,WATER,21.97,WR1,13-1475D
1,31-03-17,Charge,WATER,17.98,WR1,8-8709Q
1,31-03-17,Charge,WATER,21.97,WR1,14-6021M
1,31-03-17,Charge,WATER,51.75,WR1,8-2149F
1,31-03-17,Charge,WATER,21.97,WR1,7-7946Y
1,31-03-17,Charge,WATER,56.11,WR1,3-8233B
1,31-03-17,Charge,WATER,56.11,WR1,3-9564I
1,31-03-17,Charge,WATER,38.67,WR1,15-8448A
1,31-03-17,Charge,WATER,29.95,WR1,13-3382F
1,31-03-17,Charge,WATER,43.03,WR1,4-9802B
1,31-03-17,Charge,WATER,34.31,WR1,8-3068T
1,31-03-17,Charge,WATER,21.97,WR1,9-3575I
1,31-03-17,Charge,WATER,10,WR1,12-8327C
1,31-03-17,Charge,WATER,13.99,WR1,12-4628K
1,31-03-17,Charge,WATER,74.61,WR1,15-7332B
1,31-03-17,Charge,WATER,10,WR1,2-7921M
1,31-03-17,Charge,WATER,51.75,WR1,10-2833B
1,31-03-17,Charge,WATER,10,WR1,10-2653U
1,31-03-17,Charge,WATER,10,WR1,13-8366H
1,31-03-17,Charge,WATER,181.7,W1C,9-3330O
1,31-03-17,Charge,WATER,124.25,W1C,1-9279A
1,31-03-17,Charge,WATER,15.35,W1C,10-3872L
1,31-03-17,Charge,WATER,112.15,W1C,8-7544B
1,31-03-17,Charge,WATER,197.75,W1C,15-2703F
1,31-03-17,Charge,WATER,36.75,W1C,13-6339F
1,31-03-17,Charge,WATER,10,WR1,5-4436E
1,31-03-17,Charge,WATER,102.89,WR1,8-8367B
1,31-03-17,Charge,WATER,29.95,WR1,11-9454L
1,31-03-17,Charge,WATER,47.39,WR1,7-5281I
1,31-03-17,Charge,WATER,29.95,WR1,2-5795D
1,31-03-17,Charge,WATER,67.54,WR1,6-6129K
1,31-03-17,Charge,WATER,43.03,WR1,3-4675M
1,31-03-17,Charge,WATER,25.96,WR1,1-3737B
1,31-03-17,Charge,WATER,56.11,WR1,14-1738W
1,31-03-17,Charge,WATER,56.11,WR1,8-1595C
1,31-03-17,Charge,WATER,38.67,WR1,13-6009T
1,31-03-17,Charge,WATER,25.96,WR1,1-4070Z
1,31-03-17,Charge,WATER,73.25,WR1,7-9732U
1,31-03-17,Charge,WATER,10,W1C,11-5582K
1,31-03-17,Charge,WATER,630.6,W1C,13-4996P
1,31-03-17,Charge,WATER,56.11,WR1,10-8856W
1,31-03-17,Charge,WATER,51.75,WR1,5-7281G
1,31-03-17,Charge,WATER,51.75,WR1,2-5821H
1,31-03-17,Charge,WATER,67.54,WR1,10-3985D
1,31-03-17,Charge,WATER,21.97,WR1,5-8112N
1,31-03-17,Charge,WATER,43.03,WR1,9-3208M
1,31-03-17,Charge,WATER,25.96,WR1,1-8884P
1,31-03-17,Charge,WATER,13.99,WR1,10-2269R
1,31-03-17,Charge,WATER,17.98,WR1,9-7138R
1,31-03-17,Charge,WATER,25.96,WR1,7-1258D
1,31-03-17,Charge,WATER,29.95,WR1,15-9290S
1,31-03-17,Charge,WATER,29.95,WR1,10-6328C
1,31-03-17,Charge,WATER,38.67,WR1,7-4281T
1,31-03-17,Charge,WATER,29.95,WR1,10-9921S
1,31-03-17,Charge,WATER,21.97,WR1,2-5798C
1,31-03-17,Charge,WATER,13.99,WR1,1-9823B
1,31-03-17,Charge,WATER,34.31,WR1,6-4743X
1,31-03-17,Charge,WATER,25.96,WR1,5-4182K
1,31-03-17,Charge,WATER,13.99,WR1,3-1415S
1,31-03-17,Charge,WATER,51.75,WR1,12-2294K
1,31-03-17,Charge,WATER,25.96,WR1,14-7047C
1,31-03-17,Charge,WATER,29.95,WR1,11-2819H
1,31-03-17,Charge,WATER,38.67,WR1,9-1304F
1,31-03-17,Charge,WATER,21.97,WR1,14-9345S
1,31-03-17,Charge,WATER,29.95,WR1,15-1869P
1,31-03-17,Charge,WATER,17.98,WR1,3-7015V
1,31-03-17,Charge,WATER,38.67,WR1,7-2252D
1,31-03-17,Charge,WATER,10,WR1,5-6808T
1,31-03-17,Charge,WATER,34.31,WR1,3-8006B
1,31-03-17,Charge,WATER,10,WR1,5-5799U
1,31-03-17,Charge,WATER,17.98,WR1,12-8161M
1,31-03-17,Charge,WATER,10,WR1,11-8032T
1,31-03-17,Charge,WATER,38.67,WR1,6-8898R
1,31-03-17,Charge,WATER,34.31,WR1,1-4067Y
1,31-03-17,Charge,WATER,17.98,WR1,4-7634M
1,31-03-17,Charge,WATER,29.95,WR1,4-4397O
1,31-03-17,Charge,WATER,21.97,WR1,13-2629Z
1,31-03-17,Charge,WATER,13.99,WR1,1-4082H
1,31-03-17,Charge,WATER,25.96,WR1,13-8164E
1,31-03-17,Charge,WATER,29.95,WR1,14-1934A
1,31-03-17,Charge,WATER,25.96,WR1,4-2990G
1,31-03-17,Charge,WATER,21.97,WR1,10-2331B
1,31-03-17,Charge,WATER,17.98,WR1,7-1599U
1,31-03-17,Charge,WATER,21.97,WR1,10-9527I
1,31-03-17,Charge,WATER,51.75,WR1,15-4218H
1,31-03-17,Charge,WATER,25.96,WR1,7-5875U
1,31-03-17,Charge,WATER,29.95,WR1,9-9906U
1,31-03-17,Charge,WATER,34.31,WR1,3-1431X
1,31-03-17,Charge,WATER,56.11,WR1,11-5716O
1,31-03-17,Charge,WATER,67.54,WR1,12-3157O
1,31-03-17,Charge,WATER,187.73,WR1,1-9277U
1,31-03-17,Charge,WATER,25.96,WR1,11-2458G
1,31-03-17,Charge,WATER,17.98,WR1,5-8286Z
1,31-03-17,Charge,WATER,47.39,WR1,8-2840F
1,31-03-17,Charge,WATER,25.96,WR1,2-3648P
1,31-03-17,Charge,WATER,21.97,WR1,6-3778A
1,31-03-17,Charge,WATER,244.78,WR1,8-2568U
1,31-03-17,Charge,WATER,38.67,WR1,13-2951K
1,31-03-17,Charge,WATER,25.96,WR1,5-7747Q
1,31-03-17,Charge,WATER,21.97,WR1,14-6051C
1,31-03-17,Charge,WATER,43.03,WR1,11-5698C
1,31-03-17,Charge,WATER,13.99,WR1,11-6338T
1,31-03-17,Charge,WATER,88.75,WR1,3-7084W
1,31-03-17,Charge,WATER,34.31,WR1,13-4713P
1,31-03-17,Charge,WATER,17.98,WR1,15-6957E
1,31-03-17,Charge,WATER,29.95,WR1,11-5337L
1,31-03-17,Charge,WATER,34.31,WR1,10-2136N
1,31-03-17,Charge,WATER,34.31,WR1,1-6347C
1,31-03-17,Charge,WATER,38.67,WR1,9-2861L
1,31-03-17,Charge,WATER,38.67,WR1,2-5352B
1,31-03-17,Charge,WATER,29.95,WR1,4-7457X
1,31-03-17,Charge,WATER,13.99,WR1,12-7336P
1,31-03-17,Charge,WATER,10,WR1,11-4829W
1,31-03-17,Charge,WATER,21.97,WR1,12-8358B
1,31-03-17,Charge,WATER,21.97,WR1,2-4186A
1,31-03-17,Charge,WATER,21.97,WR1,14-8807F
1,31-03-17,Charge,WATER,29.95,WR1,13-6107C
1,31-03-17,Charge,WATER,60.47,WR1,14-4518E
1,31-03-17,Charge,WATER,17.98,WR1,1-1085A
1,31-03-17,Charge,WATER,43.03,WR1,9-3524D
1,31-03-17,Charge,WATER,47.39,WR1,1-7699P
1,31-03-17,Charge,WATER,43.03,WR1,1-2567Q
1,31-03-17,Charge,WATER,43.03,WR1,6-2910Y
1,31-03-17,Charge,WATER,88.75,WR1,5-2652R
1,31-03-17,Charge,WATER,13.99,WR1,5-8168T
1,31-03-17,Charge,WATER,25.96,WR1,10-9181K
1,31-03-17,Charge,WATER,67.54,WR1,5-8725V
1,31-03-17,Charge,WATER,17.98,WR1,14-3696E
1,31-03-17,Charge,WATER,34.31,WR1,1-3762J
1,31-03-17,Charge,WATER,13.99,WR1,2-4130K
1,31-03-17,Charge,WATER,17.98,WR1,6-8690G
1,31-03-17,Charge,WATER,47.39,WR1,10-8626Y
1,31-03-17,Charge,WATER,17.98,WR1,10-5624O
1,31-03-17,Charge,WATER,13.99,WR1,14-7799C
1,31-03-17,Charge,WATER,38.67,WR1,15-3291S
1,31-03-17,Charge,WATER,56.11,WR1,15-2092X
1,31-03-17,Charge,WATER,60.47,WR1,6-1057T
1,31-03-17,Charge,WATER,38.67,WR1,4-2764F
1,31-03-17,Charge,WATER,51.75,WR1,2-3035S
1,31-03-17,Charge,WATER,17.98,WR1,4-2636M
1,31-03-17,Charge,WATER,21.97,WR1,7-8250T
1,31-03-17,Charge,WATER,60.47,WR1,5-1866Z
1,31-03-17,Charge,WATER,21.97,WR1,12-8212X
1,31-03-17,Charge,WATER,43.03,WR1,15-9108K
1,31-03-17,Charge,WATER,29.95,WR1,15-8868X
1,31-03-17,Charge,WATER,38.67,WR1,13-8222I
1,31-03-17,Charge,WATER,38.67,WR1,2-8599O
1,31-03-17,Charge,WATER,34.31,WR1,6-1729R
1,31-03-17,Charge,WATER,21.97,WR1,13-6321D
1,31-03-17,Charge,WATER,25.96,WR1,7-2276I
1,31-03-17,Charge,WATER,43.03,WR1,11-4493M
1,31-03-17,Charge,WATER,38.67,WR1,13-6034X
1,31-03-17,Charge,WATER,88.75,WR1,14-2183I
1,31-03-17,Charge,WATER,17.98,WR1,13-6484U
1,31-03-17,Charge,WATER,25.96,WR1,10-3482O
1,31-03-17,Charge,WATER,17.98,WR1,7-9675U
1,31-03-17,Charge,WATER,34.31,WR1,11-5931R
1,31-03-17,Charge,WATER,21.97,WR1,10-2419D
1,31-03-17,Charge,WATER,13.99,WR1,3-5832N
1,31-03-17,Charge,WATER,13.99,WR1,11-2608D
1,31-03-17,Charge,WATER,13.99,WR1,15-1173T
1,31-03-17,Charge,WATER,13.99,WR1,11-2440F
1,31-03-17,Charge,WATER,25.96,WR1,14-4991S
1,31-03-17,Charge,WATER,51.75,WR1,11-9358F
1,31-03-17,Charge,WATER,21.97,WR1,10-8680M
1,31-03-17,Charge,WATER,25.96,WR1,1-8434J
1,31-03-17,Charge,WATER,21.97,WR1,11-7320Y
1,31-03-17,Charge,WATER,29.95,WR1,3-1479G
1,31-03-17,Charge,WATER,21.97,WR1,8-5317J
1,31-03-17,Charge,WATER,652.28,WR1,13-2569H
1,31-03-17,Charge,WATER,21.97,WR1,14-2013N
1,31-03-17,Charge,WATER,25.96,WR1,14-8702U
1,31-03-17,Charge,WATER,38.67,WR1,1-6483D
1,31-03-17,Charge,WATER,29.95,WR1,4-6195N
1,31-03-17,Charge,WATER,541.55,W1M,12-7159N
1,31-03-17,Charge,WATER,42.1,W1M,13-6596G
1,31-03-17,Charge,WATER,38.67,WR1,7-5651Y
1,31-03-17,Charge,WATER,38.67,WR1,13-3673E
1,31-03-17,Charge,WATER,51.75,WR1,12-7289G
1,31-03-17,Charge,WATER,17.98,WR1,7-9060H
1,31-03-17,Charge,WATER,117.03,WR1,5-3485K
1,31-03-17,Charge,WATER,38.67,WR1,6-1131Q
1,31-03-17,Charge,WATER,25.96,WR1,8-9576A
1,31-03-17,Charge,WATER,51.75,WR1,14-3793X
1,31-03-17,Charge,WATER,34.31,WR1,6-6029M
1,31-03-17,Charge,WATER,21.97,WR1,7-5512H
1,31-03-17,Charge,WATER,34.31,WR1,11-2049O
1,31-03-17,Charge,WATER,21.97,WR1,1-6539J
1,31-03-17,Charge,WATER,38.67,WR1,6-5373J
1,31-03-17,Charge,WATER,25.96,WR1,2-8156E
1,31-03-17,Charge,WATER,43.03,WR1,8-1486M
1,31-03-17,Charge,WATER,21.97,WR1,9-1062I
1,31-03-17,Charge,WATER,38.67,WR1,4-3853L
1,31-03-17,Charge,WATER,25.96,WR1,9-8912H
1,31-03-17,Charge,WATER,38.67,WR1,11-2999I
1,31-03-17,Charge,WATER,13.99,WR1,8-2148O
1,31-03-17,Charge,WATER,17.98,WR1,10-4142Z
1,31-03-17,Charge,WATER,10,WR1,2-4905I
1,31-03-17,Charge,WATER,13.99,WR1,9-3433D
1,31-03-17,Charge,WATER,21.97,WR1,3-6673R
1,31-03-17,Charge,WATER,21.97,WR1,13-4255W
1,31-03-17,Charge,WATER,43.03,WR1,4-3487U
1,31-03-17,Charge,WATER,51.75,WR1,11-4254P
1,31-03-17,Charge,WATER,34.31,WR1,12-8548C
1,31-03-17,Charge,WATER,25.96,WR1,7-9798U
1,31-03-17,Charge,WATER,13.99,WR1,9-2558V
1,31-03-17,Charge,WATER,21.97,WR1,9-5152R
1,31-03-17,Charge,WATER,34.31,WR1,10-8845P
1,31-03-17,Charge,WATER,34.31,WR1,10-1534J
1,31-03-17,Charge,WATER,236.63,WR1,12-5395V
1,31-03-17,Charge,WATER,10,WR1,4-3844A
1,31-03-17,Charge,WATER,10,WR1,6-3411J
1,31-03-17,Charge,WATER,34.31,WR1,9-1901D
1,31-03-17,Charge,WATER,43.03,WR1,12-8834M
1,31-03-17,Charge,WATER,29.95,WR1,6-3605B
1,31-03-17,Charge,WATER,51.75,WR1,12-3671F
1,31-03-17,Charge,WATER,21.97,WR1,8-4047B
1,31-03-17,Charge,WATER,21.97,WR1,14-9818R
1,31-03-17,Charge,WATER,51.75,WR1,11-5612B
1,31-03-17,Charge,WATER,34.31,WR1,1-7302G
1,31-03-17,Charge,WATER,25.96,WR1,14-1816Z
1,31-03-17,Charge,WATER,13.99,WR1,8-1984V
1,31-03-17,Charge,WATER,43.03,WR1,10-1797W
1,31-03-17,Charge,WATER,29.95,WR1,13-5505I
1,31-03-17,Charge,WATER,21.97,WR1,5-1000W
1,31-03-17,Charge,WATER,29.95,WR1,1-9753G
1,31-03-17,Charge,WATER,29.95,WR1,9-6548J
1,31-03-17,Charge,WATER,25.96,WR1,12-1316S
1,31-03-17,Charge,WATER,29.95,WR1,1-3521L
1,31-03-17,Charge,WATER,29.95,WR1,11-9942N
1,31-03-17,Charge,WATER,17.98,WR1,9-1308O
1,31-03-17,Charge,WATER,21.97,WR1,12-3593W
1,31-03-17,Charge,WATER,29.95,WR1,8-5203D
1,31-03-17,Charge,WATER,43.03,WR1,11-6901A
1,31-03-17,Charge,WATER,34.31,WR1,1-4794T
1,31-03-17,Charge,WATER,51.75,WR1,13-4611F
1,31-03-17,Charge,WATER,124.1,WR1,15-7263W
1,31-03-17,Charge,WATER,21.97,WR1,9-7324S
1,31-03-17,Charge,WATER,47.39,WR1,2-3827F
1,31-03-17,Charge,WATER,25.96,WR1,8-7331F
1,31-03-17,Charge,WATER,43.03,WR1,8-3256M
1,31-03-17,Charge,WATER,25.96,WR1,15-5481K
1,31-03-17,Charge,WATER,43.03,WR1,14-6267S
1,31-03-17,Charge,WATER,25.96,WR1,11-8675S
1,31-03-17,Charge,WATER,21.97,WR1,7-1493L
1,31-03-17,Charge,WATER,25.96,WR1,9-9238B
1,31-03-17,Charge,WATER,13.99,WR1,12-5467J
1,31-03-17,Charge,WATER,25.96,WR1,2-4721A
1,31-03-17,Charge,WATER,25.96,WR1,11-1220C
1,31-03-17,Charge,WATER,25.96,WR1,14-4896D
1,31-03-17,Charge,WATER,38.67,WR1,11-2210B
1,31-03-17,Charge,WATER,29.95,WR1,6-5830G
1,31-03-17,Charge,WATER,29.95,WR1,3-3955R
1,31-03-17,Charge,WATER,29.95,WR1,9-3834W
1,31-03-17,Charge,WATER,34.31,WR1,6-8063I
1,31-03-17,Charge,WATER,51.75,WR1,13-5047O
1,31-03-17,Charge,WATER,17.98,WR1,4-5700O
1,31-03-17,Charge,WATER,74.61,WR1,8-9190C
1,31-03-17,Charge,WATER,29.95,WR1,3-1204E
1,31-03-17,Charge,WATER,47.39,WR1,15-3359G
1,31-03-17,Charge,WATER,29.95,WR1,5-6147H
1,31-03-17,Charge,WATER,29.95,WR1,14-6631F
1,31-03-17,Charge,WATER,13.99,WR1,15-6973G
1,31-03-17,Charge,WATER,17.98,WR1,12-6920S
1,31-03-17,Charge,WATER,29.95,WR1,13-7831B
1,31-03-17,Charge,WATER,10,WR1,4-1905R
1,31-03-17,Charge,WATER,29.95,WR1,4-9630R
1,31-03-17,Charge,WATER,17.98,WR1,3-4392M
1,31-03-17,Charge,WATER,29.95,WR1,5-8098W
1,31-03-17,Charge,WATER,34.31,WR1,2-2078C
1,31-03-17,Charge,WATER,17.98,WR1,5-1270M
1,31-03-17,Charge,WATER,17.98,WR1,8-1494K
1,31-03-17,Charge,WATER,34.31,WR1,15-9867Y
1,31-03-17,Charge,WATER,21.97,WR1,2-4709E
1,31-03-17,Charge,WATER,56.11,WR1,13-2936M
1,31-03-17,Charge,WATER,13.99,WR1,7-5632G
1,31-03-17,Charge,WATER,34.31,WR1,5-3634B
1,31-03-17,Charge,WATER,13.99,WR1,3-3529N
1,31-03-17,Charge,WATER,21.97,WR1,12-7022N
1,31-03-17,Charge,WATER,34.31,WR1,9-3261K
1,31-03-17,Charge,WATER,43.03,WR1,10-5817Z
1,31-03-17,Charge,WATER,47.39,WR1,4-8322O
1,31-03-17,Charge,WATER,25.96,WR1,3-8453H
1,31-03-17,Charge,WATER,47.39,WR1,9-9126S
1,31-03-17,Charge,WATER,10,WR1,6-3212F
1,31-03-17,Charge,WATER,25.96,WR1,8-2076H
1,31-03-17,Charge,WATER,29.95,WR1,14-5384M
1,31-03-17,Charge,WATER,56.11,WR1,10-9119C
1,31-03-17,Charge,WATER,10,WR1,13-1516D
1,31-03-17,Charge,WATER,34.31,WR1,2-8463B
1,31-03-17,Charge,WATER,34.31,WR1,4-3781L
1,31-03-17,Charge,WATER,25.96,WR1,2-4084H
1,31-03-17,Charge,WATER,13.99,WR1,14-6181P
1,31-03-17,Charge,WATER,17.98,WR1,11-2644V
1,31-03-17,Charge,WATER,25.96,WR1,15-4378R
1,31-03-17,Charge,WATER,38.67,WR1,13-7657A
1,31-03-17,Charge,WATER,43.03,WR1,4-2519L
1,31-03-17,Charge,WATER,29.95,WR1,9-4217Q
1,31-03-17,Charge,WATER,21.97,WR1,12-3880V
1,31-03-17,Charge,WATER,25.96,WR1,10-1154A
1,31-03-17,Charge,WATER,13.99,WR1,10-3060F
1,31-03-17,Charge,WATER,67.54,WR1,14-2731O
1,31-03-17,Charge,WATER,21.97,WR1,6-3606O
1,31-03-17,Charge,WATER,34.31,WR1,8-2481Z
1,31-03-17,Charge,WATER,25.96,WR1,7-3616U
1,31-03-17,Charge,WATER,29.95,WR1,6-6571F
1,31-03-17,Charge,WATER,29.95,WR1,1-2582P
1,31-03-17,Charge,WATER,38.67,WR1,12-8380I
1,31-03-17,Charge,WATER,21.97,WR1,13-2986J
1,31-03-17,Charge,WATER,25.96,WR1,10-2750F
1,31-03-17,Charge,WATER,25.96,WR1,6-9442T
1,31-03-17,Charge,WATER,29.95,WR1,5-1683T
1,31-03-17,Charge,WATER,38.67,WR1,14-2401Y
1,31-03-17,Charge,WATER,88.75,WR1,10-7438H
1,31-03-17,Charge,WATER,13.99,WR1,12-7961F
1,31-03-17,Charge,WATER,34.31,WR1,11-7125J
1,31-03-17,Charge,WATER,17.98,WR1,13-7664W
1,31-03-17,Charge,WATER,25.96,WR1,2-9075S
1,31-03-17,Charge,WATER,25.96,WR1,9-2485R
1,31-03-17,Charge,WATER,25.96,WR1,14-8790V
1,31-03-17,Charge,WATER,29.95,WR1,3-7615T
1,31-03-17,Charge,WATER,25.96,WR1,7-6515A
1,31-03-17,Charge,WATER,51.75,WR1,6-3552D
1,31-03-17,Charge,WATER,29.95,WR1,11-5040K
1,31-03-17,Charge,WATER,51.75,WR1,14-8133C
1,31-03-17,Charge,WATER,17.98,WR1,7-9009B
1,31-03-17,Charge,WATER,25.96,WR1,8-7995W
1,31-03-17,Charge,WATER,25.96,WR1,14-9709D
1,31-03-17,Charge,WATER,25.96,WR1,3-1104V
1,31-03-17,Charge,WATER,34.31,WR1,1-6086O
1,31-03-17,Charge,WATER,25.96,WR1,9-9550T
1,31-03-17,Charge,WATER,25.96,WR1,5-2390O
1,31-03-17,Charge,WATER,60.47,WR1,7-2565A
1,31-03-17,Charge,WATER,25.96,WR1,5-9553L
1,31-03-17,Charge,WATER,138.24,WR1,8-9137B
1,31-03-17,Charge,WATER,27.56,WR3,13-3784V
1,31-03-17,Charge,WATER,18.78,WR3,7-4176F
1,31-03-17,Charge,WATER,36.75,WR3,10-9993E
1,31-03-17,Charge,WATER,46.35,WR3,5-9804P
1,31-03-17,Charge,WATER,36.75,WR3,14-5402O
1,31-03-17,Charge,WATER,81.11,WR3,15-2524J
1,31-03-17,Charge,WATER,23.17,WR3,13-7177E
1,31-03-17,Charge,WATER,10,WR3,15-4917B
1,31-03-17,Charge,WATER,18.78,WR3,2-1944D
1,31-03-17,Charge,WATER,27.56,WR3,1-8047B
1,31-03-17,Charge,WATER,41.55,WR3,6-8556L
1,31-03-17,Charge,WATER,31.95,WR3,14-3764H
1,31-03-17,Charge,WATER,31.95,WR3,11-9827X
1,31-03-17,Charge,WATER,14.39,WR3,7-1065M
1,31-03-17,Charge,WATER,55.95,WR3,7-9129G
1,31-03-17,Charge,WATER,31.95,WR3,15-2127O
1,31-03-17,Charge,WATER,27.56,WR3,14-2557M
1,31-03-17,Charge,WATER,27.56,WR3,10-8035L
1,31-03-17,Charge,WATER,36.75,WR3,5-5666B
1,31-03-17,Charge,WATER,10,WR3,12-4360N
1,31-03-17,Charge,WATER,23.17,WR3,4-1353T
1,31-03-17,Charge,WATER,41.55,WR3,6-3018C
1,31-03-17,Charge,WATER,36.75,WR3,15-8724M
1,31-03-17,Charge,WATER,27.56,WR3,10-7201L
1,31-03-17,Charge,WATER,36.75,WR3,2-4934S
1,31-03-17,Charge,WATER,23.17,WR3,15-9242T
1,31-03-17,Charge,WATER,41.55,WR3,1-2520N
1,31-03-17,Charge,WATER,14.39,WR3,2-2103G
1,31-03-17,Charge,WATER,23.17,WR3,15-1625T
1,31-03-17,Charge,WATER,41.55,WR3,10-6689L
1,31-03-17,Charge,WATER,27.56,WR3,12-3566V
1,31-03-17,Charge,WATER,31.95,WR3,10-7150Q
1,31-03-17,Charge,WATER,36.75,WR3,14-6543C
1,31-03-17,Charge,WATER,18.78,WR3,2-2892O
1,31-03-17,Charge,WATER,18.78,WR3,11-5774E
1,31-03-17,Charge,WATER,31.95,WR3,13-3442T
1,31-03-17,Charge,WATER,36.75,WR3,10-6836O
1,31-03-17,Charge,WATER,31.95,WR3,3-7204I
1,31-03-17,Charge,WATER,46.35,WR3,4-5495U
1,31-03-17,Charge,WATER,31.95,WR3,4-7216V
1,31-03-17,Charge,WATER,55.95,WR3,4-6859V
1,31-03-17,Charge,WATER,46.35,WR3,4-8293O
1,31-03-17,Charge,WATER,46.35,WR3,11-5915N
1,31-03-17,Charge,WATER,36.75,WR3,7-9416F
1,31-03-17,Charge,WATER,27.56,WR3,2-7140T
1,31-03-17,Charge,WATER,81.11,WR3,6-2300N
1,31-03-17,Charge,WATER,27.56,WR3,4-6142U
1,31-03-17,Charge,WATER,31.95,WR3,8-5414B
1,31-03-17,Charge,WATER,31.95,WR3,11-6306Y
1,31-03-17,Charge,WATER,23.17,WR3,11-1804W
1,31-03-17,Charge,WATER,31.95,WR3,10-9910R
1,31-03-17,Charge,WATER,27.56,WR3,2-7971X
1,31-03-17,Charge,WATER,23.17,WR3,13-7064K
1,31-03-17,Charge,WATER,23.17,WR3,15-6262B
1,31-03-17,Charge,WATER,23.17,WR3,11-4839R
1,31-03-17,Charge,WATER,18.78,WR3,14-8792I
1,31-03-17,Charge,WATER,46.35,WR3,8-5829F
1,31-03-17,Charge,WATER,41.55,WR3,1-9425A
1,31-03-17,Charge,WATER,60.75,WR3,12-1356W
1,31-03-17,Charge,WATER,27.56,WR3,7-4088G
1,31-03-17,Charge,WATER,36.75,WR3,2-7948C
1,31-03-17,Charge,WATER,18.78,WR3,12-6015U
1,31-03-17,Charge,WATER,27.56,WR3,2-4416M
1,31-03-17,Charge,WATER,23.17,WR3,14-7025U
1,31-03-17,Charge,WATER,51.15,WR3,4-5218V
1,31-03-17,Charge,WATER,31.95,WR3,15-4964W
1,31-03-17,Charge,WATER,18.78,WR3,8-6446Z
1,31-03-17,Charge,WATER,36.75,WR3,2-8417U
1,31-03-17,Charge,WATER,73.33,WR3,1-8454Q
1,31-03-17,Charge,WATER,23.17,WR3,6-8392Q
1,31-03-17,Charge,WATER,31.95,WR3,1-5135B
1,31-03-17,Charge,WATER,18.78,WR3,4-7100X
1,31-03-17,Charge,WATER,23.17,WR3,13-7640A
1,31-03-17,Charge,WATER,46.35,WR3,3-5934R
1,31-03-17,Charge,WATER,27.56,WR3,13-8018D
1,31-03-17,Charge,WATER,36.75,WR2,9-7239B
1,31-03-17,Charge,WATER,36.75,WR2,12-1331P
1,31-03-17,Charge,WATER,65.55,WR2,9-2212R
1,31-03-17,Charge,WATER,27.56,WR2,12-2708N
1,31-03-17,Charge,WATER,46.35,WR2,6-8932X
1,31-03-17,Charge,WATER,31.95,WR2,1-6982T
1,31-03-17,Charge,WATER,31.95,WR2,4-7124S
1,31-03-17,Charge,WATER,31.95,WR2,14-5834J
1,31-03-17,Charge,WATER,31.95,WR2,4-5050C
1,31-03-17,Charge,WATER,36.75,WR2,11-7602V
1,31-03-17,Charge,WATER,41.55,WR2,8-7812W
1,31-03-17,Charge,WATER,60.75,WR2,6-8425V
1,31-03-17,Charge,WATER,55.95,WR2,12-9002B
1,31-03-17,Charge,WATER,23.17,WR2,10-8404V
1,31-03-17,Charge,WATER,31.95,WR2,8-3845B
1,31-03-17,Charge,WATER,55.95,WR2,14-5702E
1,31-03-17,Charge,WATER,36.75,WR2,1-8008D
1,31-03-17,Charge,WATER,96.67,WR2,11-7559W
1,31-03-17,Charge,WATER,23.17,WR2,10-7591S
1,31-03-17,Charge,WATER,23.17,WR2,1-9082V
1,31-03-17,Charge,WATER,10,WR2,13-5653G
1,31-03-17,Charge,WATER,23.17,WR2,11-1422O
1,31-03-17,Charge,WATER,31.95,WR2,9-2298O
1,31-03-17,Charge,WATER,18.78,WR2,1-2637B
1,31-03-17,Charge,WATER,41.55,WR2,10-4873I
1,31-03-17,Charge,WATER,41.55,WR2,7-7045R
1,31-03-17,Charge,WATER,14.39,WR2,9-2493K
1,31-03-17,Charge,WATER,36.75,WR2,5-4769V
1,31-03-17,Charge,WATER,27.56,WR2,12-7787G
1,31-03-17,Charge,WATER,41.55,WR2,1-8772N
1,31-03-17,Charge,WATER,31.95,WR2,3-1547I
1,31-03-17,Charge,WATER,31.95,WR2,6-4893A
1,31-03-17,Charge,WATER,36.75,WR2,5-4975Z
1,31-03-17,Charge,WATER,23.17,WR2,5-8058F
1,31-03-17,Charge,WATER,14.39,WR2,1-4128I
1,31-03-17,Charge,WATER,10,WR2,2-5547J
1,31-03-17,Charge,WATER,27.56,WR2,11-2377F
1,31-03-17,Charge,WATER,14.39,WR2,6-7458Q
1,31-03-17,Charge,WATER,10,WR2,15-4772H
1,31-03-17,Charge,WATER,81.11,WR2,9-2198V
1,31-03-17,Charge,WATER,36.75,WR2,2-2590M
1,31-03-17,Charge,WATER,36.75,WR2,8-6932Q
1,31-03-17,Charge,WATER,31.95,WR2,11-9079Y
1,31-03-17,Charge,WATER,27.56,WR2,4-6589P
1,31-03-17,Charge,WATER,36.75,WR2,10-1588H
1,31-03-17,Charge,WATER,46.35,WR2,13-3826D
1,31-03-17,Charge,WATER,23.17,WR2,15-3048R
1,31-03-17,Charge,WATER,60.75,WR2,14-7616N
1,31-03-17,Charge,WATER,36.75,WR2,8-9889U
1,31-03-17,Charge,WATER,14.39,WR2,4-4400A
1,31-03-17,Charge,WATER,55.95,WR2,15-8903A
1,31-03-17,Charge,WATER,55.95,WR2,9-3470C
1,31-03-17,Charge,WATER,23.17,WR2,11-5458H
1,31-03-17,Charge,WATER,23.17,WR2,1-4314U
1,31-03-17,Charge,WATER,65.55,WR2,5-5382D
1,31-03-17,Charge,WATER,14.39,WR2,2-9246G
1,31-03-17,Charge,WATER,51.15,WR2,8-6253N
1,31-03-17,Charge,WATER,31.95,WR2,9-4876C
1,31-03-17,Charge,WATER,23.17,WR2,3-5530R
1,31-03-17,Charge,WATER,18.78,WR2,2-2364F
1,31-03-17,Charge,WATER,36.75,WR2,14-7145B
1,31-03-17,Charge,WATER,23.17,WR2,10-1754P
1,31-03-17,Charge,WATER,27.56,WR2,6-7748H
1,31-03-17,Charge,WATER,81.11,WR2,10-5648Y
1,31-03-17,Charge,WATER,23.17,WR2,12-8057V
1,31-03-17,Charge,WATER,36.75,WR2,14-1167G
1,31-03-17,Charge,WATER,31.95,WR2,14-8232J
1,31-03-17,Charge,WATER,55.95,WR2,2-5143G
1,31-03-17,Charge,WATER,36.75,WR2,15-8647Y
1,31-03-17,Charge,WATER,36.75,WR2,8-7528R
1,31-03-17,Charge,WATER,36.75,WR2,8-7711U
1,31-03-17,Charge,WATER,46.35,WR2,14-9384G
1,31-03-17,Charge,WATER,55.95,WR2,4-7220J
1,31-03-17,Charge,WATER,31.95,WR2,7-8041Y
1,31-03-17,Charge,WATER,23.17,WR2,2-4694C
1,31-03-17,Charge,WATER,36.75,WR2,10-9512F
1,31-03-17,Charge,WATER,27.56,WR2,4-1782F
1,31-03-17,Charge,WATER,55.95,WR2,14-8023O
1,31-03-17,Charge,WATER,18.78,WR2,13-5664W
1,31-03-17,Charge,WATER,36.75,WR2,5-6875K
1,31-03-17,Charge,WATER,36.75,WR2,4-7526L
1,31-03-17,Charge,WATER,27.56,WR2,9-9495H
1,31-03-17,Charge,WATER,27.56,WR2,6-4112D
1,31-03-17,Charge,WATER,23.17,WR2,12-3439F
1,31-03-17,Charge,WATER,27.56,WR2,10-8760E
1,31-03-17,Charge,WATER,31.95,WR2,9-5918W
1,31-03-17,Charge,WATER,27.56,WR2,6-5504W
1,31-03-17,Charge,WATER,27.56,WR2,5-8466M
1,31-03-17,Charge,WATER,46.35,WR2,9-3717E
1,31-03-17,Charge,WATER,31.95,WR2,2-1048L
1,31-03-17,Charge,WATER,23.17,WR2,5-1201T
1,31-03-17,Charge,WATER,41.55,WR2,9-7178N
1,31-03-17,Charge,WATER,36.75,WR2,8-3120D
1,31-03-17,Charge,WATER,18.78,WR2,6-1664F
1,31-03-17,Charge,WATER,41.55,WR2,10-9751Q
1,31-03-17,Charge,WATER,41.55,WR2,13-4190Z
1,31-03-17,Charge,WATER,65.55,WR2,9-3286Z
1,31-03-17,Charge,WATER,46.35,WR2,15-3669R
1,31-03-17,Charge,WATER,36.75,WR2,15-9347T
1,31-03-17,Charge,WATER,158.91,WR2,2-2441U
1,31-03-17,Charge,WATER,41.55,WR2,5-2964D
1,31-03-17,Charge,WATER,23.17,WR2,11-8200B
1,31-03-17,Charge,WATER,36.75,WR2,11-8785O
1,31-03-17,Charge,WATER,41.55,WR2,3-8706W
1,31-03-17,Charge,WATER,10,WR2,15-6756Q
1,31-03-17,Charge,WATER,41.55,WR2,4-1172F
1,31-03-17,Charge,WATER,36.75,WR2,1-4736I
1,31-03-17,Charge,WATER,55.95,WR2,12-6783C
1,31-03-17,Charge,WATER,31.95,WR2,1-3958F
1,31-03-17,Charge,WATER,23.17,WR2,3-6255D
1,31-03-17,Charge,WATER,60.75,WR2,5-7499C
1,31-03-17,Charge,WATER,23.17,WR2,2-7915L
1,31-03-17,Charge,WATER,60.75,WR2,13-2684X
1,31-03-17,Charge,WATER,23.17,WR2,15-4784Y
1,31-03-17,Charge,WATER,46.35,WR2,14-5858N
1,31-03-17,Charge,WATER,23.17,WR2,6-8852Q
1,31-03-17,Charge,WATER,51.15,WR2,10-7215A
1,31-03-17,Charge,WATER,18.78,WR2,4-4121Q
1,31-03-17,Charge,WATER,14.39,WR2,8-6851R
1,31-03-17,Charge,WATER,23.17,WR2,10-5932G
1,31-03-17,Charge,WATER,65.55,WR2,12-8205Q
1,31-03-17,Charge,WATER,41.55,WR2,8-8851I
1,31-03-17,Charge,WATER,51.15,WR2,10-8848J
1,31-03-17,Charge,WATER,27.56,WR2,4-1758N
1,31-03-17,Charge,WATER,36.75,WR2,5-9372V
1,31-03-17,Charge,WATER,23.17,WR2,6-6961X
1,31-03-17,Charge,WATER,96.67,WR2,14-8467Q
1,31-03-17,Charge,WATER,14.39,WR2,13-8492S
1,31-03-17,Charge,WATER,51.15,WR2,8-2991E
1,31-03-17,Charge,WATER,55.95,WR2,7-1840D
1,31-03-17,Charge,WATER,55.95,WR2,5-9121H
1,31-03-17,Charge,WATER,27.56,WR2,11-1241C
1,31-03-17,Charge,WATER,23.17,WR2,8-4240E
1,31-03-17,Charge,WATER,41.55,WR2,6-6094J
1,31-03-17,Charge,WATER,23.17,WR2,3-9839Y
1,31-03-17,Charge,WATER,27.56,WR2,11-8403P
1,31-03-17,Charge,WATER,18.78,WR2,6-6528G
1,31-03-17,Charge,WATER,81.11,WR2,15-9500W
1,31-03-17,Charge,WATER,23.17,WR2,15-6203N
1,31-03-17,Charge,WATER,27.56,WR2,10-3332A
1,31-03-17,Charge,WATER,51.15,WR2,10-7493O
1,31-03-17,Charge,WATER,31.95,WR2,6-5695B
1,31-03-17,Charge,WATER,23.17,WR2,2-9695W
1,31-03-17,Charge,WATER,27.56,WR2,12-8360P
1,31-03-17,Charge,WATER,31.95,WR2,12-8797O
1,31-03-17,Charge,WATER,27.56,WR2,6-6011Q
1,31-03-17,Charge,WATER,23.17,WR2,10-9296P
1,31-03-17,Charge,WATER,23.17,WR2,9-6174D
1,31-03-17,Charge,WATER,60.75,WR2,9-3547D
1,31-03-17,Charge,WATER,46.35,WR2,14-3001X
1,31-03-17,Charge,WATER,31.95,WR2,7-9873M
1,31-03-17,Charge,WATER,41.55,WR2,13-8419K
1,31-03-17,Charge,WATER,18.78,WR2,12-2942U
1,31-03-17,Charge,WATER,55.95,WR2,12-8789S
1,31-03-17,Charge,WATER,14.39,WR2,13-1098O
1,31-03-17,Charge,WATER,23.17,WR2,5-3094A
1,31-03-17,Charge,WATER,46.35,WR2,10-4064M
1,31-03-17,Charge,WATER,51.15,WR2,14-1559I
1,31-03-17,Charge,WATER,36.75,WR2,3-7002S
1,31-03-17,Charge,WATER,31.95,WR2,7-1460R
1,31-03-17,Charge,WATER,51.15,WR2,4-6234V
1,31-03-17,Charge,WATER,55.95,WR2,3-9763I
1,31-03-17,Charge,WATER,27.56,WR2,4-6675F
1,31-03-17,Charge,WATER,23.17,WR2,4-7326E
1,31-03-17,Charge,WATER,41.55,WR2,3-4328X
1,31-03-17,Charge,WATER,65.55,WR2,15-9059S
1,31-03-17,Charge,WATER,14.39,WR2,4-7608T
1,31-03-17,Charge,WATER,18.78,WR2,1-9901W
1,31-03-17,Charge,WATER,18.78,WR2,3-1957I
1,31-03-17,Charge,WATER,36.75,WR2,12-8532V
1,31-03-17,Charge,WATER,23.17,WR2,3-2975V
1,31-03-17,Charge,WATER,23.17,WR2,12-3780K
1,31-03-17,Charge,WATER,55.95,WR2,10-5096Z
1,31-03-17,Charge,WATER,10,WR2,3-4981V
1,31-03-17,Charge,WATER,23.17,WR2,2-9120I
1,31-03-17,Charge,WATER,27.56,WR2,12-4985B
1,31-03-17,Charge,WATER,23.17,WR2,3-6863F
1,31-03-17,Charge,WATER,31.95,WR2,12-4711T
1,31-03-17,Charge,WATER,23.17,WR2,7-8569C
1,31-03-17,Charge,WATER,36.75,WR2,8-8319S
1,31-03-17,Charge,WATER,55.95,WR2,12-3919I
1,31-03-17,Charge,WATER,55.95,WR2,15-6389A
1,31-03-17,Charge,WATER,18.78,WR2,5-6821I
1,31-03-17,Charge,WATER,18.78,WR2,10-9259W
1,31-03-17,Charge,WATER,41.55,WR2,9-3661F
1,31-03-17,Charge,WATER,41.55,WR2,1-1051A
1,31-03-17,Charge,WATER,31.95,WR2,11-3891S
1,31-03-17,Charge,WATER,27.56,WR2,6-4220B
1,31-03-17,Charge,WATER,14.39,WR2,15-9915C
1,31-03-17,Charge,WATER,46.35,WR2,4-7908P
1,31-03-17,Charge,WATER,27.56,WR2,15-2470P
1,31-03-17,Charge,WATER,27.56,WR2,9-9013Y
1,31-03-17,Charge,WATER,46.35,WR2,9-2584N
1,31-03-17,Charge,WATER,31.95,WR2,14-1627G
1,31-03-17,Charge,WATER,18.78,WR2,11-2375G
1,31-03-17,Charge,WATER,65.55,WR2,10-2057V
1,31-03-17,Charge,WATER,31.95,WR2,6-5326L
1,31-03-17,Charge,WATER,18.78,WR2,15-4025J
1,31-03-17,Charge,WATER,55.95,WR2,7-1781I
1,31-03-17,Charge,WATER,41.55,WR2,6-2216G
1,31-03-17,Charge,WATER,23.17,WR2,9-9868P
1,31-03-17,Charge,WATER,27.56,WR2,12-4364R
1,31-03-17,Charge,WATER,27.56,WR2,12-7627N
1,31-03-17,Charge,WATER,18.78,WR2,2-4228J
1,31-03-17,Charge,WATER,51.15,WR2,15-5536H
1,31-03-17,Charge,WATER,18.78,WR2,14-6277F
1,31-03-17,Charge,WATER,88.89,WR2,2-3952R
1,31-03-17,Charge,WATER,31.95,WR2,12-2620O
1,31-03-17,Charge,WATER,55.95,WR2,13-2327S
1,31-03-17,Charge,WATER,88.89,WR2,14-8734E
1,31-03-17,Charge,WATER,36.75,WR2,4-1739Q
1,31-03-17,Charge,WATER,27.56,WR2,7-9977T
1,31-03-17,Charge,WATER,27.56,WR2,2-4259A
1,31-03-17,Charge,WATER,81.11,WR2,9-9216K
1,31-03-17,Charge,WATER,65.55,WR2,2-6688B
1,31-03-17,Charge,WATER,27.56,WR2,11-9729J
1,31-03-17,Charge,WATER,14.39,WR2,12-2777A
1,31-03-17,Charge,WATER,36.75,WR2,10-1875X
1,31-03-17,Charge,WATER,18.78,WR2,7-7212R
1,31-03-17,Charge,WATER,46.35,WR2,15-1338H
1,31-03-17,Charge,WATER,23.17,WR2,4-9562R
1,31-03-17,Charge,WATER,41.55,WR2,9-3742T
1,31-03-17,Charge,WATER,18.78,WR2,6-3034D
1,31-03-17,Charge,WATER,88.75,WR1,6-2709B
1,31-03-17,Charge,WATER,29.95,WR1,2-2116V
1,31-03-17,Charge,WATER,13.99,WR1,12-5920D
1,31-03-17,Charge,WATER,13.99,WR1,3-4249W
1,31-03-17,Charge,WATER,31.4,W1C,8-2523Q
1,31-03-17,Charge,WATER,10,W1C,14-7497X
1,31-03-17,Charge,WATER,29.95,WR1,6-9391I
1,31-03-17,Charge,WATER,47.39,WR1,6-3760T
1,31-03-17,Charge,WATER,29.95,WR1,8-4287E
1,31-03-17,Charge,WATER,34.31,WR1,10-5975V
1,31-03-17,Charge,WATER,29.95,WR1,15-6443E
1,31-03-17,Charge,WATER,145.31,WR1,8-9752H
1,31-03-17,Charge,WATER,17.98,WR1,1-5216G
1,31-03-17,Charge,WATER,29.95,WR1,1-5289P
1,31-03-17,Charge,WATER,60.47,WR1,6-1261M
1,31-03-17,Charge,WATER,17.98,WR1,1-2132G
1,31-03-17,Charge,WATER,13.99,WR1,4-7416O
1,31-03-17,Charge,WATER,29.95,WR1,12-9077E
1,31-03-17,Charge,WATER,43.03,WR1,11-5086F
1,31-03-17,Charge,WATER,25.96,WR1,4-5614U
1,31-03-17,Charge,WATER,21.97,WR1,3-9233T
1,31-03-17,Charge,WATER,56.11,WR1,2-6116J
1,31-03-17,Charge,WATER,43.03,WR1,1-7760A
1,31-03-17,Charge,WATER,21.97,WR1,6-3205M
1,31-03-17,Charge,WATER,47.39,WR1,6-1447S
1,31-03-17,Charge,WATER,21.97,WR1,5-9532X
1,31-03-17,Charge,WATER,25.96,WR1,5-4322U
1,31-03-17,Charge,WATER,38.67,WR1,4-4336B
1,31-03-17,Charge,WATER,34.31,WR1,12-7847Y
1,31-03-17,Charge,WATER,25.96,WR1,4-1507R
1,31-03-17,Charge,WATER,25.96,WR1,2-5573S
1,31-03-17,Charge,WATER,74.61,WR1,15-3858V
1,31-03-17,Charge,WATER,29.95,WR1,6-2045A
1,31-03-17,Charge,WATER,13.99,WR1,10-1003O
1,31-03-17,Charge,WATER,34.31,WR1,5-2494E
1,31-03-17,Charge,WATER,56.11,WR1,12-2848K
1,31-03-17,Charge,WATER,43.03,WR1,6-9088K
1,31-03-17,Charge,WATER,29.95,WR1,5-5584H
1,31-03-17,Charge,WATER,21.97,WR1,9-5413Q
1,31-03-17,Charge,WATER,25.96,WR1,12-3776L
1,31-03-17,Charge,WATER,29.95,WR1,6-9631U
1,31-03-17,Charge,WATER,25.96,WR1,13-3774W
1,31-03-17,Charge,WATER,67.54,WR1,10-3995G
1,31-03-17,Charge,WATER,43.03,WR1,6-2396T
1,31-03-17,Charge,WATER,38.67,WR1,6-4311T
1,31-03-17,Charge,WATER,34.31,WR1,9-6066R
1,31-03-17,Charge,WATER,43.03,WR1,8-8312B
1,31-03-17,Charge,WATER,25.96,WR1,5-4521Y
1,31-03-17,Charge,WATER,38.67,WR1,15-6779F
1,31-03-17,Charge,WATER,21.97,WR1,4-4809K
1,31-03-17,Charge,WATER,25.96,WR1,8-8258Q
1,31-03-17,Charge,WATER,51.75,WR1,7-2373G
1,31-03-17,Charge,WATER,38.67,WR1,8-1570M
1,31-03-17,Charge,WATER,88.75,WR1,7-8700T
1,31-03-17,Charge,WATER,29.95,WR1,1-2411W
1,31-03-17,Charge,WATER,34.31,WR1,4-8342Y
1,31-03-17,Charge,WATER,17.98,WR1,6-5427C
1,31-03-17,Charge,WATER,43.03,WR1,13-5585D
1,31-03-17,Charge,WATER,34.31,WR1,10-8031H
1,31-03-17,Charge,WATER,34.31,WR1,7-3832Z
1,31-03-17,Charge,WATER,25.96,WR1,5-8276Y
1,31-03-17,Charge,WATER,56.11,WR1,9-8781M
1,31-03-17,Charge,WATER,51.75,WR1,11-4683W
1,31-03-17,Charge,WATER,124.1,WR1,11-8975F
1,31-03-17,Charge,WATER,21.97,WR1,7-2196M
1,31-03-17,Charge,WATER,34.31,WR1,2-6947T
1,31-03-17,Charge,WATER,34.31,WR1,11-8050W
1,31-03-17,Charge,WATER,38.67,WR1,8-3365K
1,31-03-17,Charge,WATER,21.97,WR1,14-5148V
1,31-03-17,Charge,WATER,34.31,WR1,1-7753D
1,31-03-17,Charge,WATER,21.97,WR1,12-7092V
1,31-03-17,Charge,WATER,34.31,WR1,9-7425J
1,31-03-17,Charge,WATER,17.98,WR1,8-4227S
1,31-03-17,Charge,WATER,21.97,WR1,14-2167V
1,31-03-17,Charge,WATER,17.98,WR1,7-6877A
1,31-03-17,Charge,WATER,21.97,WR1,8-9505O
1,31-03-17,Charge,WATER,47.39,WR1,5-6014U
1,31-03-17,Charge,WATER,34.31,WR1,12-7795Q
1,31-03-17,Charge,WATER,38.67,WR1,9-3768L
1,31-03-17,Charge,WATER,21.97,WR1,13-8665K
1,31-03-17,Charge,WATER,17.98,WR1,2-7947S
1,31-03-17,Charge,WATER,38.67,WR1,9-6963T
1,31-03-17,Charge,WATER,74.61,WR1,14-7428R
1,31-03-17,Charge,WATER,29.95,WR1,8-4588H
1,31-03-17,Charge,WATER,47.39,WR1,11-2043B
1,31-03-17,Charge,WATER,25.96,WR1,7-6693Z
1,31-03-17,Charge,WATER,25.96,WR1,15-1674X
1,31-03-17,Charge,WATER,51.75,WR1,6-3682G
1,31-03-17,Charge,WATER,17.98,WR1,9-2909C
1,31-03-17,Charge,WATER,240.55,W1C,3-7519I
1,31-03-17,Charge,WATER,25.96,WR1,4-6681M
1,31-03-17,Charge,WATER,81.68,WR1,12-1801B
1,31-03-17,Charge,WATER,25.96,WR1,4-9998M
1,31-03-17,Charge,WATER,38.67,WR1,1-4472H
1,31-03-17,Charge,WATER,38.67,WR1,6-3980I
1,31-03-17,Charge,WATER,56.11,WR1,12-2412H
1,31-03-17,Charge,WATER,29.95,WR1,9-1717O
1,31-03-17,Charge,WATER,43.03,WR1,14-6529P
1,31-03-17,Charge,WATER,34.31,WR1,6-1320Y
1,31-03-17,Charge,WATER,25.96,WR1,6-4351D
1,31-03-17,Charge,WATER,29.95,WR1,5-1894A
1,31-03-17,Charge,WATER,38.67,WR1,6-1194D
1,31-03-17,Charge,WATER,43.03,WR1,14-2719T
1,31-03-17,Charge,WATER,17.98,WR1,5-4813N
1,31-03-17,Charge,WATER,21.97,WR1,14-9145O
1,31-03-17,Charge,WATER,60.47,WR1,10-6332F
1,31-03-17,Charge,WATER,43.03,WR1,7-9429D
1,31-03-17,Charge,WATER,74.61,WR1,3-5927O
1,31-03-17,Charge,WATER,47.39,WR1,8-5724Z
1,31-03-17,Charge,WATER,43.03,WR1,12-6989Y
1,31-03-17,Charge,WATER,81.68,WR1,12-9862U
1,31-03-17,Charge,WATER,43.03,WR1,3-9018W
1,31-03-17,Charge,WATER,43.03,WR1,1-4552E
1,31-03-17,Charge,WATER,38.67,WR1,8-5840E
1,31-03-17,Charge,WATER,21.97,WR1,15-8976M
1,31-03-17,Charge,WATER,17.98,WR1,6-6227T
1,31-03-17,Charge,WATER,38.67,WR1,5-6718Z
1,31-03-17,Charge,WATER,21.97,WR1,11-3277Y
1,31-03-17,Charge,WATER,25.96,WR1,5-3705P
1,31-03-17,Charge,WATER,21.97,WR1,7-5996K
1,31-03-17,Charge,WATER,17.98,WR1,9-9943J
1,31-03-17,Charge,WATER,29.95,WR1,7-3086S
1,01-03-17,Charge,WATER,10,WR1,10-5180G
1,31-03-17,Charge,WATER,56.11,WR1,8-4315L
1,31-03-17,Charge,WATER,43.03,WR1,4-1928Q
1,31-03-17,Charge,WATER,21.97,WR1,14-2553C
1,31-03-17,Charge,WATER,21.97,WR1,14-6643Q
1,31-03-17,Charge,WATER,29.95,WR1,11-1526V
1,31-03-17,Charge,WATER,25.96,WR1,14-6805X
1,31-03-17,Charge,WATER,21.97,WR1,7-9949H
1,31-03-17,Charge,WATER,51.75,WR1,11-2008Y
1,31-03-17,Charge,WATER,74.61,WR1,3-8017H
1,31-03-17,Charge,WATER,10,W1C,12-4278M
1,31-03-17,Charge,WATER,621.8,W1C,13-3755Q
1,31-03-17,Charge,WATER,67.54,WR1,12-8989B
1,31-03-17,Charge,WATER,17.98,WR1,8-2960M
1,31-03-17,Charge,WATER,25.96,WR1,9-2600Z
1,31-03-17,Charge,WATER,47.39,WR1,15-5008V
1,31-03-17,Charge,WATER,38.67,WR1,8-5497X
1,31-03-17,Charge,WATER,25.96,WR1,12-6023L
1,31-03-17,Charge,WATER,25.96,WR1,6-3509S
1,31-03-17,Charge,WATER,25.96,WR1,12-7042V
1,31-03-17,Charge,WATER,38.67,WR1,10-7370S
1,31-03-17,Charge,WATER,34.31,WR1,14-3580K
1,31-03-17,Charge,WATER,0,WR1,4-2206N
1,31-03-17,Charge,WATER,34.31,WR1,14-8461E
1,31-03-17,Charge,WATER,13.99,WR1,13-9518N
1,31-03-17,Charge,WATER,51.75,WR1,12-3428K
1,31-03-17,Charge,WATER,25.96,WR1,5-9778U
1,31-03-17,Charge,WATER,21.97,WR1,12-7109A
1,31-03-17,Charge,WATER,88.75,WR1,6-7310J
1,31-03-17,Charge,WATER,29.95,WR1,13-5435Z
1,31-03-17,Charge,WATER,38.67,WR1,6-1997N
1,31-03-17,Charge,WATER,38.67,WR1,10-8819O
1,31-03-17,Charge,WATER,21.97,WR1,6-8186V
1,31-03-17,Charge,WATER,60.47,WR1,14-3766W
1,31-03-17,Charge,WATER,47.39,WR1,12-8377W
1,31-03-17,Charge,WATER,60.47,WR1,7-2308V
1,31-03-17,Charge,WATER,38.67,WR1,12-3015F
1,31-03-17,Charge,WATER,25.96,WR1,12-3727J
1,31-03-17,Charge,WATER,21.97,WR1,10-5739V
1,31-03-17,Charge,WATER,43.03,WR1,8-9441C
1,31-03-17,Charge,WATER,25.96,WR1,12-3946G
1,31-03-17,Charge,WATER,21.97,WR1,15-1837S
1,31-03-17,Charge,WATER,21.97,WR1,13-8116T
1,31-03-17,Charge,WATER,17.98,WR1,9-5228G
1,31-03-17,Charge,WATER,51.75,WR1,14-6713I
1,31-03-17,Charge,WATER,25.96,WR1,4-9969T
1,31-03-17,Charge,WATER,29.95,WR1,1-6984K
1,31-03-17,Charge,WATER,34.31,WR1,7-5645E
1,31-03-17,Charge,WATER,74.61,WR1,13-9485K
1,31-03-17,Charge,WATER,38.67,WR1,3-3238U
1,31-03-17,Charge,WATER,34.31,WR1,6-3988S
1,31-03-17,Charge,WATER,51.75,WR1,8-9459Y
1,31-03-17,Charge,WATER,25.96,WR1,6-9633M
1,31-03-17,Charge,WATER,38.67,WR1,2-5036B
1,31-03-17,Charge,WATER,29.95,WR1,6-3007I
1,31-03-17,Charge,WATER,43.03,WR1,7-4267O
1,31-03-17,Charge,WATER,29.95,WR1,13-5864I
1,31-03-17,Charge,WATER,47.39,WR1,1-2406K
1,31-03-17,Charge,WATER,51.75,WR1,10-9122T
1,31-03-17,Charge,WATER,13.99,WR1,10-2030E
1,31-03-17,Charge,WATER,29.95,WR1,9-9653J
1,31-03-17,Charge,WATER,29.95,WR1,4-4271A
1,31-03-17,Charge,WATER,29.95,WR1,14-7582M
1,31-03-17,Charge,WATER,25.96,WR1,8-5158L
1,31-03-17,Charge,WATER,43.03,WR1,7-1677V
1,31-03-17,Charge,WATER,67.54,WR1,3-9223Z
1,31-03-17,Charge,WATER,60.47,WR1,13-6233E
1,31-03-17,Charge,WATER,60.47,WR1,2-4691X
1,31-03-17,Charge,WATER,60.47,WR1,3-8440W
1,31-03-17,Charge,WATER,25.96,WR1,6-7367H
1,31-03-17,Charge,WATER,17.98,WR1,10-8296P
1,31-03-17,Charge,WATER,25.96,WR1,15-6505N
1,31-03-17,Charge,WATER,25.96,WR1,10-6740C
1,31-03-17,Charge,WATER,34.31,WR1,3-5520F
1,31-03-17,Charge,WATER,17.98,WR1,11-4091C
1,31-03-17,Charge,WATER,43.03,WR1,14-2976X
1,31-03-17,Charge,WATER,25.96,WR1,11-1519Q
1,31-03-17,Charge,WATER,10,WR1,4-3290N
1,31-03-17,Charge,WATER,17.98,WR1,8-7006C
1,31-03-17,Charge,WATER,34.31,WR1,8-2546Y
1,31-03-17,Charge,WATER,47.39,WR1,7-2363O
1,31-03-17,Charge,WATER,17.98,WR1,5-7143Y
1,31-03-17,Charge,WATER,43.03,WR1,15-5001B
1,31-03-17,Charge,WATER,294.05,W1M,6-6041G
1,31-03-17,Charge,WATER,51.75,WR1,12-7170H
1,31-03-17,Charge,WATER,43.03,WR1,7-3959A
1,31-03-17,Charge,WATER,56.11,WR1,12-4371K
1,31-03-17,Charge,WATER,10,WR1,1-6758F
1,31-03-17,Charge,WATER,60.47,WR1,10-1433A
1,31-03-17,Charge,WATER,56.11,WR1,14-4109B
1,31-03-17,Charge,WATER,34.31,WR1,9-2797F
1,31-03-17,Charge,WATER,60.47,WR1,13-1541N
1,31-03-17,Charge,WATER,166.52,WR1,14-4648U
1,31-03-17,Charge,WATER,43.03,WR1,4-3645F
1,31-03-17,Charge,WATER,38.67,WR1,11-3594Z
1,31-03-17,Charge,WATER,34.31,WR1,3-9624N
1,31-03-17,Charge,WATER,21.97,WR1,2-8757I
1,31-03-17,Charge,WATER,51.75,WR1,13-7835E
1,31-03-17,Charge,WATER,159.45,WR1,4-7845P
1,31-03-17,Charge,WATER,540.15,W1M,3-2261X
1,31-03-17,Charge,WATER,56.11,WR1,6-9298I
1,31-03-17,Charge,WATER,21.97,WR1,4-8125Q
1,31-03-17,Charge,WATER,60.47,WR1,3-4817B
1,31-03-17,Charge,WATER,25.96,WR1,6-9408M
1,31-03-17,Charge,WATER,21.97,WR1,2-2791S
1,31-03-17,Charge,WATER,25.96,WR1,10-3859R
1,31-03-17,Charge,WATER,25.96,WR1,6-6568H
1,31-03-17,Charge,WATER,38.67,WR1,13-1653N
1,31-03-17,Charge,WATER,13.99,WR1,9-1197R
1,31-03-17,Charge,WATER,13.99,WR1,15-8500S
1,31-03-17,Charge,WATER,13.99,WR1,3-1110L
1,31-03-17,Charge,WATER,29.95,WR1,15-4352K
1,31-03-17,Charge,WATER,17.98,WR1,7-5778W
1,31-03-17,Charge,WATER,21.97,WR1,4-9987S
1,31-03-17,Charge,WATER,38.67,WR1,3-7960Q
1,31-03-17,Charge,WATER,25.96,WR1,10-1264Y
1,31-03-17,Charge,WATER,29.95,WR1,5-4211V
1,31-03-17,Charge,WATER,51.75,WR1,10-7624L
1,31-03-17,Charge,WATER,74.61,WR1,15-5620H
1,31-03-17,Charge,WATER,21.97,WR1,11-9652N
1,31-03-17,Charge,WATER,88.75,WR1,3-3613K
1,31-03-17,Charge,WATER,47.39,WR1,2-9821H
1,31-03-17,Charge,WATER,34.31,WR1,10-3335J
1,31-03-17,Charge,WATER,21.97,WR1,7-3839W
1,31-03-17,Charge,WATER,38.67,WR1,13-6972G
1,31-03-17,Charge,WATER,17.98,WR1,4-3813O
1,31-03-17,Charge,WATER,21.97,WR1,1-3417R
1,31-03-17,Charge,WATER,81.68,WR1,4-8330Q
1,31-03-17,Charge,WATER,10,WR2,12-2501C
1,31-03-17,Charge,WATER,10,WR2,8-8346T
1,31-03-17,Charge,WATER,27.56,WR2,5-4827N
1,31-03-17,Charge,WATER,41.55,WR2,7-1795B
1,31-03-17,Charge,WATER,55.95,WR2,12-8953B
1,31-03-17,Charge,WATER,51.15,WR2,14-9272N
1,31-03-17,Charge,WATER,10,WR2,12-1550S
1,31-03-17,Charge,WATER,31.95,WR2,4-8478C
1,31-03-17,Charge,WATER,46.35,WR2,6-6811G
1,31-03-17,Charge,WATER,73.33,WR2,1-5806D
1,31-03-17,Charge,WATER,41.55,WR2,11-3264Q
1,31-03-17,Charge,WATER,36.75,WR2,6-5727I
1,31-03-17,Charge,WATER,36.75,WR2,7-3171E
1,31-03-17,Charge,WATER,46.35,WR2,3-5908B
1,31-03-17,Charge,WATER,14.39,WR2,3-5855R
1,31-03-17,Charge,WATER,14.39,WR2,2-2543O
1,31-03-17,Charge,WATER,46.35,WR2,4-5154K
1,31-03-17,Charge,WATER,31.95,WR2,10-5077A
1,31-03-17,Charge,WATER,27.56,WR2,1-9063J
1,31-03-17,Charge,WATER,23.17,WR2,6-2695N
1,31-03-17,Charge,WATER,31.95,WR2,13-6352A
1,31-03-17,Charge,WATER,96.67,WR2,1-5099F
1,31-03-17,Charge,WATER,41.55,WR2,2-3447W
1,31-03-17,Charge,WATER,18.78,WR2,11-6829U
1,31-03-17,Charge,WATER,14.39,WR2,8-2006B
1,31-03-17,Charge,WATER,60.75,WR2,7-2226Q
1,31-03-17,Charge,WATER,36.75,WR2,12-9513P
1,31-03-17,Charge,WATER,10,WR2,1-2689C
1,31-03-17,Charge,WATER,46.35,WR2,2-7179B
1,31-03-17,Charge,WATER,27.56,WR2,2-8214X
1,31-03-17,Charge,WATER,27.56,WR2,1-1114Z
1,31-03-17,Charge,WATER,36.75,WR2,2-8578T
1,31-03-17,Charge,WATER,112.23,WR2,5-2621V
1,31-03-17,Charge,WATER,18.78,WR2,1-2900M
1,31-03-17,Charge,WATER,31.95,WR2,7-4063I
1,31-03-17,Charge,WATER,23.17,WR2,3-8515M
1,31-03-17,Charge,WATER,18.78,WR2,3-8183E
1,31-03-17,Charge,WATER,31.95,WR2,1-5436T
1,31-03-17,Charge,WATER,36.75,WR2,3-4300U
1,31-03-17,Charge,WATER,46.35,WR2,3-6184O
1,31-03-17,Charge,WATER,18.78,WR2,12-5722H
1,31-03-17,Charge,WATER,31.95,WR2,12-6087E
1,31-03-17,Charge,WATER,23.17,WR2,12-4395M
1,31-03-17,Charge,WATER,27.56,WR2,5-6104R
1,31-03-17,Charge,WATER,31.95,WR2,13-8616H
1,31-03-17,Charge,WATER,36.75,WR2,7-7553T
1,31-03-17,Charge,WATER,14.39,WR2,12-3159E
1,31-03-17,Charge,WATER,55.95,WR2,4-2161I
1,31-03-17,Charge,WATER,23.17,WR2,14-3869V
1,31-03-17,Charge,WATER,18.78,WR2,1-4622J
1,31-03-17,Charge,WATER,36.75,WR2,8-1543C
1,31-03-17,Charge,WATER,27.56,WR2,12-4805Y
1,31-03-17,Charge,WATER,36.75,WR2,7-9066U
1,31-03-17,Charge,WATER,31.95,WR2,12-3113K
1,31-03-17,Charge,WATER,51.15,WR2,5-9884T
1,31-03-17,Charge,WATER,151.13,WR2,9-8481M
1,31-03-17,Charge,WATER,23.17,WR2,6-5109H
1,31-03-17,Charge,WATER,51.15,WR2,4-4724X
1,31-03-17,Charge,WATER,18.78,WR2,6-3968A
1,31-03-17,Charge,WATER,88.89,WR2,3-6214K
1,31-03-17,Charge,WATER,31.95,WR2,9-6047Y
1,31-03-17,Charge,WATER,18.78,WR2,3-7823M
1,31-03-17,Charge,WATER,31.95,WR2,4-8371A
1,31-03-17,Charge,WATER,31.95,WR2,15-3429Z
1,31-03-17,Charge,WATER,23.17,WR2,11-1969S
1,31-03-17,Charge,WATER,18.78,WR2,6-5688H
1,31-03-17,Charge,WATER,112.23,WR2,8-7322Z
1,31-03-17,Charge,WATER,27.56,WR2,13-8669U
1,31-03-17,Charge,WATER,14.39,WR2,9-4821Z
1,31-03-17,Charge,WATER,96.67,WR2,11-6969V
1,31-03-17,Charge,WATER,27.56,WR2,15-8336L
1,31-03-17,Charge,WATER,18.78,WR2,1-5343K
1,31-03-17,Charge,WATER,27.56,WR2,4-5885Z
1,31-03-17,Charge,WATER,18.78,WR2,2-6050L
1,31-03-17,Charge,WATER,41.55,WR2,5-9342E
1,31-03-17,Charge,WATER,65.55,WR2,13-3599D
1,31-03-17,Charge,WATER,46.35,WR2,11-4411A
1,31-03-17,Charge,WATER,18.78,WR2,13-7463F
1,31-03-17,Charge,WATER,18.78,WR2,9-5592I
1,31-03-17,Charge,WATER,27.56,WR2,5-6169H
1,31-03-17,Charge,WATER,65.55,WR2,14-7887E
1,31-03-17,Charge,WATER,10,WR2,11-7853N
1,31-03-17,Charge,WATER,135.57,WR2,13-6322F
1,31-03-17,Charge,WATER,41.55,WR2,6-7264Q
1,31-03-17,Charge,WATER,81.11,WR2,13-1906G
1,31-03-17,Charge,WATER,96.67,WR2,8-7997X
1,31-03-17,Charge,WATER,27.56,WR2,10-1620N
1,31-03-17,Charge,WATER,23.17,WR2,7-7902B
1,31-03-17,Charge,WATER,41.55,WR2,6-7555L
1,31-03-17,Charge,WATER,31.95,WR2,4-1377Z
1,31-03-17,Charge,WATER,18.78,WR2,14-1184S
1,31-03-17,Charge,WATER,18.78,WR2,15-2278J
1,31-03-17,Charge,WATER,31.95,WR2,10-7182P
1,31-03-17,Charge,WATER,18.78,WR2,9-2344J
1,31-03-17,Charge,WATER,27.56,WR2,5-4657V
1,31-03-17,Charge,WATER,14.39,WR2,9-2270Y
1,31-03-17,Charge,WATER,18.78,WR2,2-9982P
1,31-03-17,Charge,WATER,14.39,WR2,8-1164V
1,31-03-17,Charge,WATER,23.17,WR2,2-8577H
1,31-03-17,Charge,WATER,31.95,WR2,3-4333J
1,31-03-17,Charge,WATER,41.55,WR2,3-9000H
1,31-03-17,Charge,WATER,41.55,WR2,8-8132X
1,31-03-17,Charge,WATER,18.78,WR2,4-6449P
1,31-03-17,Charge,WATER,41.55,WR2,10-5717J
1,31-03-17,Charge,WATER,65.55,WR2,12-1896Q
1,31-03-17,Charge,WATER,51.15,WR2,10-1067V
1,31-03-17,Charge,WATER,10,WR2,6-5861L
1,31-03-17,Charge,WATER,18.78,WR2,14-9807K
1,31-03-17,Charge,WATER,120.01,WR2,2-7156S
1,31-03-17,Charge,WATER,27.56,WR2,3-3499Y
1,31-03-17,Charge,WATER,23.17,WR2,15-8726L
1,31-03-17,Charge,WATER,31.95,WR2,13-7966V
1,31-03-17,Charge,WATER,55.95,WR2,10-7951R
1,31-03-17,Charge,WATER,27.56,WR2,4-9243C
1,31-03-17,Charge,WATER,14.39,WR2,14-5155C
1,31-03-17,Charge,WATER,46.35,WR2,14-1437B
1,31-03-17,Charge,WATER,27.56,WR2,15-6578L
1,31-03-17,Charge,WATER,18.78,WR2,1-8806Q
1,31-03-17,Charge,WATER,55.95,WR2,5-9288N
1,31-03-17,Charge,WATER,10,WR2,10-7850L
1,31-03-17,Charge,WATER,51.15,WR2,14-1606Q
1,31-03-17,Charge,WATER,46.35,WR2,7-9073P
1,31-03-17,Charge,WATER,23.17,WR2,12-5867G
1,31-03-17,Charge,WATER,46.35,WR2,3-6365Z
1,31-03-17,Charge,WATER,46.35,WR2,8-2911A
1,31-03-17,Charge,WATER,27.56,WR2,13-1187C
1,31-03-17,Charge,WATER,23.17,WR2,1-8430O
1,31-03-17,Charge,WATER,18.78,WR2,1-7654P
1,31-03-17,Charge,WATER,36.75,WR2,3-9352L
1,31-03-17,Charge,WATER,31.95,WR2,14-6475W
1,31-03-17,Charge,WATER,197.81,WR2,1-4945M
1,31-03-17,Charge,WATER,53.3,WR2,2-9728V
1,31-03-17,Charge,WATER,65.55,WR2,15-6373Q
1,31-03-17,Charge,WATER,60.75,WR2,11-6687N
1,31-03-17,Charge,WATER,51.15,WR2,5-2927B
1,31-03-17,Charge,WATER,358.08,WR2,3-9104V
1,31-03-17,Charge,WATER,197.81,WR2,8-7044N
1,31-03-17,Charge,WATER,81.11,WR2,3-9567N
1,31-03-17,Charge,WATER,112.23,WR2,10-5953E
1,31-03-17,Charge,WATER,96.67,WR2,12-2428N
1,31-03-17,Charge,WATER,108.85,WR2,15-6273M
1,31-03-17,Charge,WATER,89.65,WR2,7-2121A
1,31-03-17,Charge,WATER,99.25,WR2,15-3289A
1,31-03-17,Charge,WATER,41.55,WR2,7-3513L
1,31-03-17,Charge,WATER,60.75,WR2,12-6767W
1,31-03-17,Charge,WATER,88.89,WR2,6-6597E
1,31-03-17,Charge,WATER,174.47,WR2,12-9097O
1,31-03-17,Charge,WATER,127.79,WR2,15-5208H
1,31-03-17,Charge,WATER,51.15,WR2,10-3674G
1,31-03-17,Charge,WATER,23.17,WR2,13-6861Z
1,31-03-17,Charge,WATER,46.35,WR2,8-7052F
1,31-03-17,Charge,WATER,112.23,WR2,5-6496H
1,31-03-17,Charge,WATER,46.35,WR2,2-7485P
1,31-03-17,Charge,WATER,60.75,WR2,15-8469P
1,31-03-17,Charge,WATER,73.33,WR2,3-1610I
1,31-03-17,Charge,WATER,41.55,WR2,4-8984J
1,31-03-17,Charge,WATER,112.23,WR2,13-4799G
1,31-03-17,Charge,WATER,120.01,WR2,14-6459M
1,31-03-17,Charge,WATER,14.39,WR2,9-6208I
1,31-03-17,Charge,WATER,81.11,WR2,9-2503P
1,31-03-17,Charge,WATER,60.75,WR2,14-1802Y
1,31-03-17,Charge,WATER,46.35,WR2,14-1769C
1,31-03-17,Charge,WATER,367.05,WR2,8-7186Q
1,31-03-17,Charge,WATER,60.75,WR2,3-3890F
1,31-03-17,Charge,WATER,73.33,WR2,6-1592O
1,31-03-17,Charge,WATER,36.75,WR2,13-9577W
1,31-03-17,Charge,WATER,104.45,WR2,6-9283S
1,31-03-17,Charge,WATER,174.47,WR2,3-6448U
1,31-03-17,Charge,WATER,36.75,WR2,7-3099S
1,31-03-17,Charge,WATER,41.55,WR2,4-6013H
1,31-03-17,Charge,WATER,10,WR2,13-9759O
1,31-03-17,Charge,WATER,46.35,WR2,1-1311P
1,31-03-17,Charge,WATER,14.39,WR2,11-5079Z
1,31-03-17,Charge,WATER,27.56,WR2,11-9311J
1,31-03-17,Charge,WATER,55.95,WR2,7-2215T
1,31-03-17,Charge,WATER,81.11,WR2,13-1900C
1,31-03-17,Charge,WATER,55.95,WR2,13-3979G
1,31-03-17,Charge,WATER,55.95,WR2,12-6055Q
1,31-03-17,Charge,WATER,46.35,WR2,12-1852D
1,31-03-17,Charge,WATER,14.39,WR2,1-5790A
1,31-03-17,Charge,WATER,51.15,WR2,15-1829I
1,31-03-17,Charge,WATER,51.15,WR2,5-8835B
1,31-03-17,Charge,WATER,23.17,WR2,6-1807Q
1,31-03-17,Charge,WATER,31.95,WR2,13-5187U
1,31-03-17,Charge,WATER,36.75,WR2,8-7160V
1,31-03-17,Charge,WATER,31.95,WR2,12-7245S
1,31-03-17,Charge,WATER,31.95,WR2,11-8915I
1,31-03-17,Charge,WATER,112.23,WR2,5-9142Z
1,31-03-17,Charge,WATER,46.35,WR2,3-9023K
1,31-03-17,Charge,WATER,31.95,WR2,5-7085C
1,31-03-17,Charge,WATER,51.15,WR2,13-9980M
1,31-03-17,Charge,WATER,14.39,WR2,14-6609K
1,31-03-17,Charge,WATER,163.31,WR2,14-6485Z
1,31-03-17,Charge,WATER,94.45,WR2,15-9894X
1,31-03-17,Charge,WATER,225.55,WR2,3-6091Y
1,31-03-17,Charge,WATER,1416.54,WR2,7-6118M
1,31-03-17,Charge,WATER,241.47,WR2,5-6053R
1,31-03-17,Charge,WATER,88.89,WR2,14-2921E
1,31-03-17,Charge,WATER,23.17,WR2,9-7662J
1,31-03-17,Charge,WATER,23.17,WR2,2-7011D
1,31-03-17,Charge,WATER,55.95,WR2,10-1171G
1,31-03-17,Charge,WATER,36.75,WR2,2-9896A
1,31-03-17,Charge,WATER,31.95,WR2,4-3170D
1,31-03-17,Charge,WATER,23.17,WR2,15-7383Z
1,31-03-17,Charge,WATER,10,WR2,13-5531F
1,31-03-17,Charge,WATER,27.56,WR2,15-2065W
1,31-03-17,Charge,WATER,23.17,WR2,2-7771A
1,31-03-17,Charge,WATER,51.15,WR2,14-5720D
1,31-03-17,Charge,WATER,10,WR2,3-1932M
1,31-03-17,Charge,WATER,51.15,WR2,7-1398L
1,31-03-17,Charge,WATER,46.35,WR2,10-3151Z
1,31-03-17,Charge,WATER,10,WR2,4-7319M
1,31-03-17,Charge,WATER,60.75,WR2,13-4957X
1,31-03-17,Charge,WATER,14.39,WR2,3-5172Q
1,31-03-17,Charge,WATER,56.11,WR1,12-8092S
1,31-03-17,Charge,WATER,166.52,WR1,2-2814T
1,31-03-17,Charge,WATER,29.95,WR1,14-7399O
1,31-03-17,Charge,WATER,60.75,WR2,12-5633L
1,31-03-17,Charge,WATER,18.78,WR2,4-4567U
1,31-03-17,Charge,WATER,23.17,WR2,7-4547F
1,31-03-17,Charge,WATER,241.47,WR2,8-2739G
1,31-03-17,Charge,WATER,10,WR2,4-8167L
1,31-03-17,Charge,WATER,27.56,WR2,15-9924U
1,31-03-17,Charge,WATER,104.45,WR2,10-2081X
1,31-03-17,Charge,WATER,36.75,WR2,10-8390H
1,31-03-17,Charge,WATER,36.75,WR2,14-8010I
1,31-03-17,Charge,WATER,18.78,WR2,5-3804C
1,31-03-17,Charge,WATER,27.56,WR2,4-4131P
1,31-03-17,Charge,WATER,27.56,WR2,8-5006B
1,31-03-17,Charge,WATER,18.78,WR2,15-7732D
1,31-03-17,Charge,WATER,41.55,WR2,2-3971V
1,31-03-17,Charge,WATER,55.95,WR2,9-5259W
1,31-03-17,Charge,WATER,60.75,WR2,14-2069E
1,31-03-17,Charge,WATER,14.39,WR2,7-4077A
1,31-03-17,Charge,WATER,23.17,WR2,7-2387X
1,31-03-17,Charge,WATER,36.75,WR2,8-9683G
1,31-03-17,Charge,WATER,18.78,WR2,13-7464S
1,31-03-17,Charge,WATER,31.95,WR2,5-3923O
1,31-03-17,Charge,WATER,31.95,WR2,6-8990B
1,31-03-17,Charge,WATER,81.11,WR2,10-5438C
1,31-03-17,Charge,WATER,60.75,WR2,5-1109Y
1,31-03-17,Charge,WATER,31.95,WR2,13-7860I
1,31-03-17,Charge,WATER,27.56,WR2,1-6852C
1,31-03-17,Charge,WATER,18.78,WR2,2-9994H
1,31-03-17,Charge,WATER,14.39,WR2,11-9387V
1,31-03-17,Charge,WATER,14.39,WR2,4-2381K
1,31-03-17,Charge,WATER,18.78,WR2,2-9123C
1,31-03-17,Charge,WATER,31.95,WR2,15-3713W
1,31-03-17,Charge,WATER,55.95,WR2,9-5452X
1,31-03-17,Charge,WATER,51.15,WR2,14-1999Z
1,31-03-17,Charge,WATER,27.56,WR2,3-7387V
1,31-03-17,Charge,WATER,51.15,WR2,5-6512V
1,31-03-17,Charge,WATER,55.95,WR2,10-6093I
1,31-03-17,Charge,WATER,65.55,WR2,4-4566O
1,31-03-17,Charge,WATER,27.56,WR2,13-6487G
1,31-03-17,Charge,WATER,31.95,WR2,3-1931Y
1,31-03-17,Charge,WATER,23.17,WR2,11-7881G
1,31-03-17,Charge,WATER,81.11,WR2,8-4012Q
1,31-03-17,Charge,WATER,41.55,WR2,4-3588S
1,31-03-17,Charge,WATER,120.01,WR2,8-6607S
1,31-03-17,Charge,WATER,166.69,WR2,6-5816B
1,31-03-17,Charge,WATER,112.23,WR2,10-3654H
1,31-03-17,Charge,WATER,46.35,WR2,8-2963B
1,31-03-17,Charge,WATER,36.75,WR2,6-6393S
1,31-03-17,Charge,WATER,27.56,WR2,6-2984S
1,31-03-17,Charge,WATER,65.55,WR2,6-4124V
1,31-03-17,Charge,WATER,31.95,WR2,14-8924B
1,31-03-17,Charge,WATER,46.35,WR2,15-1880Z
1,31-03-17,Charge,WATER,41.55,WR2,13-9067S
1,31-03-17,Charge,WATER,51.15,WR2,6-1480L
1,31-03-17,Charge,WATER,23.17,WR2,6-3711O
1,31-03-17,Charge,WATER,18.78,WR2,3-7335L
1,31-03-17,Charge,WATER,27.56,WR2,2-2062G
1,31-03-17,Charge,WATER,36.75,WR2,13-1916Q
1,31-03-17,Charge,WATER,23.17,WR2,7-3873I
1,31-03-17,Charge,WATER,10,WR2,10-7129M
1,31-03-17,Charge,WATER,36.75,WR2,12-1680C
1,31-03-17,Charge,WATER,51.15,WR2,6-7227G
1,31-03-17,Charge,WATER,27.56,WR2,3-7405R
1,31-03-17,Charge,WATER,60.75,WR2,12-4263Z
1,31-03-17,Charge,WATER,31.95,WR2,10-7776R
1,31-03-17,Charge,WATER,41.55,WR2,10-5950M
1,31-03-17,Charge,WATER,36.75,WR2,1-6782R
1,31-03-17,Charge,WATER,51.15,WR2,12-4495U
1,31-03-17,Charge,WATER,10,WR1,15-7953Q
1,31-03-17,Charge,WATER,109.96,WR1,4-7927N
1,31-03-17,Charge,WATER,56.11,WR1,5-7001W
1,31-03-17,Charge,WATER,74.61,WR1,9-5167B
1,31-03-17,Charge,WATER,152.38,WR1,8-3686Q
1,31-03-17,Charge,WATER,29.95,WR1,14-2710F
1,31-03-17,Charge,WATER,13.99,WR1,10-8260Y
1,31-03-17,Charge,WATER,25.96,WR1,3-7357O
1,31-03-17,Charge,WATER,34.31,WR1,7-1970U
1,31-03-17,Charge,WATER,673.9,W1M,8-9760U
1,31-03-17,Charge,WATER,652.5,W1M,3-6917O
1,31-03-17,Charge,WATER,106.3,W1C,3-6132O
1,31-03-17,Charge,WATER,84.9,W1C,4-6068C
1,31-03-17,Charge,WATER,47.39,WR1,6-7031E
1,31-03-17,Charge,WATER,95.82,WR1,9-7774P
1,31-03-17,Charge,WATER,17.98,WR1,13-8739Z
1,31-03-17,Charge,WATER,588.3,W1C,1-8956G
1,31-03-17,Charge,WATER,10,W1C,11-4154M
1,31-03-17,Charge,WATER,53.3,W1C,14-2818N
1,31-03-17,Charge,WATER,219.15,W1C,10-7604V
1,31-03-17,Charge,WATER,176.35,W1C,15-3822R
1,31-03-17,Charge,WATER,449.2,W1M,8-2349T
1,31-03-17,Charge,WATER,81.68,WR1,5-9193J
1,31-03-17,Charge,WATER,25.96,WR1,5-1093E
1,31-03-17,Charge,WATER,56.11,WR1,7-5128C
1,31-03-17,Charge,WATER,17.98,WR1,11-7815I
1,31-03-17,Charge,WATER,25.96,WR1,6-9235U
1,31-03-17,Charge,WATER,29.95,WR1,8-9401W
1,31-03-17,Charge,WATER,43.03,WR1,1-2246U
1,31-03-17,Charge,WATER,38.67,WR1,2-3302X
1,31-03-17,Charge,WATER,25.96,WR1,4-4539V
1,31-03-17,Charge,WATER,34.31,WR1,14-1692P
1,31-03-17,Charge,WATER,17.98,WR1,15-8202C
1,31-03-17,Charge,WATER,43.03,WR1,11-5827H
1,31-03-17,Charge,WATER,47.39,WR1,10-4256C
1,31-03-17,Charge,WATER,34.31,WR1,7-4509S
1,31-03-17,Charge,WATER,21.97,WR1,10-9271K
1,31-03-17,Charge,WATER,25.96,WR1,10-1441L
1,31-03-17,Charge,WATER,38.67,WR1,15-4609C
1,31-03-17,Charge,WATER,43.03,WR1,9-9444V
1,31-03-17,Charge,WATER,34.31,WR1,14-4910A
1,31-03-17,Charge,WATER,13.99,WR1,15-1273B
1,31-03-17,Charge,WATER,29.95,WR1,5-5429W
1,31-03-17,Charge,WATER,29.95,WR1,4-1275H
1,31-03-17,Charge,WATER,25.96,WR1,10-4243I
1,31-03-17,Charge,WATER,17.98,WR1,10-6677A
1,31-03-17,Charge,WATER,29.95,WR1,10-1274L
1,31-03-17,Charge,WATER,51.75,WR1,9-9091L
1,31-03-17,Charge,WATER,25.96,WR1,6-3533F
1,31-03-17,Charge,WATER,34.31,WR1,7-4207V
1,31-03-17,Charge,WATER,29.95,WR1,1-7298K
1,31-03-17,Charge,WATER,17.98,WR1,4-7268X
1,31-03-17,Charge,WATER,13.99,WR1,5-7386Z
1,31-03-17,Charge,WATER,60.47,WR1,11-9598H
1,31-03-17,Charge,WATER,56.11,WR1,11-7721D
1,31-03-17,Charge,WATER,25.96,WR1,15-8361H
1,31-03-17,Charge,WATER,43.03,WR1,10-8531G
1,31-03-17,Charge,WATER,25.96,WR1,9-4369X
1,31-03-17,Charge,WATER,21.97,WR1,3-1887I
1,31-03-17,Charge,WATER,21.97,WR1,6-2730O
1,31-03-17,Charge,WATER,21.97,WR1,6-7039D
1,31-03-17,Charge,WATER,43.03,WR1,12-5650H
1,31-03-17,Charge,WATER,51.75,WR1,9-1919O
1,31-03-17,Charge,WATER,25.96,WR1,9-1024I
1,31-03-17,Charge,WATER,95.82,WR1,1-2677P
1,31-03-17,Charge,WATER,88.75,WR1,12-1855K
1,31-03-17,Charge,WATER,56.11,WR1,6-9790G
1,31-03-17,Charge,WATER,67.54,WR1,8-9682B
1,31-03-17,Charge,WATER,60.47,WR1,15-6751B
1,31-03-17,Charge,WATER,17.98,WR1,5-4846F
1,31-03-17,Charge,WATER,34.31,WR1,5-5736B
1,31-03-17,Charge,WATER,51.75,WR1,12-4884Z
1,31-03-17,Charge,WATER,34.31,WR1,10-6136U
1,31-03-17,Charge,WATER,60.47,WR1,14-8491J
1,31-03-17,Charge,WATER,21.97,WR1,14-3898V
1,31-03-17,Charge,WATER,21.97,WR1,5-9227W
1,31-03-17,Charge,WATER,10,WR1,1-8412D
1,31-03-17,Charge,WATER,29.95,WR1,11-5433A
1,31-03-17,Charge,WATER,29.95,WR1,14-5835F
1,31-03-17,Charge,WATER,60.47,WR1,12-4058Q
1,31-03-17,Charge,WATER,67.54,WR1,15-8095I
1,31-03-17,Charge,WATER,25.96,WR1,15-6761R
1,31-03-17,Charge,WATER,29.95,WR1,15-1942C
1,31-03-17,Charge,WATER,51.75,WR1,6-6827P
1,31-03-17,Charge,WATER,47.39,WR1,1-7279Z
1,31-03-17,Charge,WATER,47.39,WR1,11-7637O
1,31-03-17,Charge,WATER,51.75,WR1,7-3662H
1,31-03-17,Charge,WATER,51.75,WR1,13-7891Z
1,31-03-17,Charge,WATER,67.54,WR1,6-7314D
1,31-03-17,Charge,WATER,43.03,WR1,10-2126H
1,31-03-17,Charge,WATER,38.67,WR1,13-3402K
1,31-03-17,Charge,WATER,25.96,WR1,7-7105L
1,31-03-17,Charge,WATER,56.11,WR1,8-6659G
1,31-03-17,Charge,WATER,51.75,WR1,11-8811Y
1,31-03-17,Charge,WATER,60.47,WR1,13-1993N
1,31-03-17,Charge,WATER,145.31,WR1,5-1732U
1,31-03-17,Charge,WATER,43.03,WR1,1-6495D
1,31-03-17,Charge,WATER,47.39,WR1,2-5533P
1,31-03-17,Charge,WATER,13.99,WR1,12-9232F
1,31-03-17,Charge,WATER,25.96,WR1,14-8735F
1,31-03-17,Charge,WATER,34.31,WR1,3-1663G
1,31-03-17,Charge,WATER,29.95,WR1,11-9188Z
1,31-03-17,Charge,WATER,25.96,WR1,2-4584O
1,31-03-17,Charge,WATER,43.03,WR1,11-2041Q
1,31-03-17,Charge,WATER,10,WR1,11-1208F
1,31-03-17,Charge,WATER,10,WR1,7-7472U
1,31-03-17,Charge,WATER,17.98,WR1,5-7909F
1,31-03-17,Charge,WATER,21.97,WR1,9-8751R
1,31-03-17,Charge,WATER,29.95,WR1,9-7235E
1,31-03-17,Charge,WATER,38.67,WR1,5-5538J
1,31-03-17,Charge,WATER,10,WR1,8-9734V
1,31-03-17,Charge,WATER,51.75,WR1,9-5967P
1,31-03-17,Charge,WATER,10,WR1,15-6022I
1,31-03-17,Charge,WATER,56.11,WR1,6-6581Q
1,31-03-17,Charge,WATER,34.31,WR1,9-3129H
1,31-03-17,Charge,WATER,10,WR1,2-9948Y
1,31-03-17,Charge,WATER,17.98,WR1,4-4562I
1,31-03-17,Charge,WATER,47.39,WR1,5-6503C
1,31-03-17,Charge,WATER,10,WR1,15-1985C
1,31-03-17,Charge,WATER,21.97,WR1,5-3236U
1,31-03-17,Charge,WATER,10,WR1,7-3246E
1,31-03-17,Charge,WATER,29.95,WR1,11-3130V
1,31-03-17,Charge,WATER,67.54,WR1,7-3464O
1,31-03-17,Charge,WATER,10,WR1,5-1396F
1,31-03-17,Charge,WATER,29.95,WR1,2-8791Y
1,31-03-17,Charge,WATER,25.96,WR1,10-7258Y
1,31-03-17,Charge,WATER,117.03,WR1,7-1825T
1,31-03-17,Charge,WATER,43.03,WR1,8-7560X
1,31-03-17,Charge,WATER,17.98,WR1,5-6908Q
1,31-03-17,Charge,WATER,25.96,WR1,5-7099J
1,31-03-17,Charge,WATER,17.98,WR1,9-8958V
1,31-03-17,Charge,WATER,34.31,WR1,14-2248U
1,31-03-17,Charge,WATER,21.97,WR1,7-2642F
1,31-03-17,Charge,WATER,25.96,WR1,9-6704O
1,31-03-17,Charge,WATER,43.03,WR1,4-7767Q
1,31-03-17,Charge,WATER,38.67,WR1,4-8221Q
1,31-03-17,Charge,WATER,13.99,WR1,10-1949F
1,31-03-17,Charge,WATER,17.98,WR1,7-6586W
1,31-03-17,Charge,WATER,17.98,WR1,5-1337U
1,31-03-17,Charge,WATER,88.75,WR1,11-9371S
1,31-03-17,Charge,WATER,13.99,WR1,4-9726Q
1,31-03-17,Charge,WATER,43.03,WR1,1-5818W
1,31-03-17,Charge,WATER,47.39,WR1,10-4726L
1,31-03-17,Charge,WATER,34.31,WR1,4-8498D
1,31-03-17,Charge,WATER,17.98,WR1,4-6552T
1,31-03-17,Charge,WATER,38.67,WR1,15-2902N
1,31-03-17,Charge,WATER,43.03,WR1,14-1015E
1,31-03-17,Charge,WATER,29.95,WR1,9-2368G
1,31-03-17,Charge,WATER,43.03,WR1,12-2029N
1,31-03-17,Charge,WATER,25.96,WR1,8-4366Q
1,31-03-17,Charge,WATER,34.31,WR1,3-7280D
1,31-03-17,Charge,WATER,51.75,WR1,3-1656S
1,31-03-17,Charge,WATER,47.39,WR1,6-6679R
1,31-03-17,Charge,WATER,17.98,WR1,4-1839P
1,31-03-17,Charge,WATER,29.95,WR1,8-3837P
1,31-03-17,Charge,WATER,29.95,WR1,15-3148S
1,31-03-17,Charge,WATER,17.98,WR1,9-6349G
1,31-03-17,Charge,WATER,17.98,WR1,10-5235G
1,31-03-17,Charge,WATER,47.39,WR1,7-1811I
1,31-03-17,Charge,WATER,21.97,WR1,10-4797E
1,31-03-17,Charge,WATER,29.95,WR1,9-3343P
1,31-03-17,Charge,WATER,21.97,WR1,12-5860G
1,31-03-17,Charge,WATER,38.67,WR1,9-4888A
1,31-03-17,Charge,WATER,43.03,WR1,2-4185P
1,31-03-17,Charge,WATER,47.39,WR1,12-4028N
1,31-03-17,Charge,WATER,21.97,WR1,4-8363L
1,31-03-17,Charge,WATER,21.97,WR1,4-7626V
1,31-03-17,Charge,WATER,29.95,WR1,1-7568D
1,31-03-17,Charge,WATER,17.98,WR1,8-1466P
1,31-03-17,Charge,WATER,13.99,WR1,2-5186D
1,31-03-17,Charge,WATER,38.67,WR1,8-3189L
1,31-03-17,Charge,WATER,25.96,WR1,3-5410Y
1,31-03-17,Charge,WATER,25.96,WR1,7-5873J
1,31-03-17,Charge,WATER,38.67,WR1,9-2855O
1,31-03-17,Charge,WATER,13.99,WR1,7-3651H
1,31-03-17,Charge,WATER,25.96,WR1,1-8928J
1,31-03-17,Charge,WATER,17.98,WR1,5-9330Z
1,31-03-17,Charge,WATER,17.98,WR1,9-5660C
1,31-03-17,Charge,WATER,25.96,WR1,3-8866P
1,31-03-17,Charge,WATER,43.03,WR1,13-4592P
1,31-03-17,Charge,WATER,25.96,WR1,5-2961B
1,31-03-17,Charge,WATER,51.75,WR1,8-3262Y
1,31-03-17,Charge,WATER,29.95,WR1,8-9247D
1,31-03-17,Charge,WATER,43.03,WR1,4-2745M
1,31-03-17,Charge,WATER,34.31,WR1,10-4038S
1,31-03-17,Charge,WATER,21.97,WR1,2-1123E
1,31-03-17,Charge,WATER,38.67,WR1,12-1937S
1,31-03-17,Charge,WATER,25.96,WR1,14-7051O
1,31-03-17,Charge,WATER,17.98,WR1,1-6565N
1,31-03-17,Charge,WATER,21.97,WR1,15-6619G
1,31-03-17,Charge,WATER,236.63,WR1,14-4994F
1,31-03-17,Charge,WATER,29.95,WR1,14-6122M
1,31-03-17,Charge,WATER,13.99,WR1,14-7756R
1,31-03-17,Charge,WATER,47.39,WR1,13-8408C
1,31-03-17,Charge,WATER,34.31,WR1,10-6474D
1,31-03-17,Charge,WATER,29.95,WR1,1-4894J
1,31-03-17,Charge,WATER,29.95,WR1,14-2665V
1,31-03-17,Charge,WATER,21.97,WR1,15-7327D
1,31-03-17,Charge,WATER,25.96,WR1,3-4045P
1,31-03-17,Charge,WATER,21.97,WR1,13-8504E
1,31-03-17,Charge,WATER,17.98,WR1,14-4967S
1,31-03-17,Charge,WATER,34.31,WR1,8-9937G
1,31-03-17,Charge,WATER,25.96,WR1,4-3263J
1,31-03-17,Charge,WATER,43.03,WR1,15-1564P
1,31-03-17,Charge,WATER,43.03,WR1,12-3840L
1,31-03-17,Charge,WATER,102.89,WR1,15-9574B
1,31-03-17,Charge,WATER,17.98,WR1,7-9718Z
1,31-03-17,Charge,WATER,43.03,WR1,3-7330P
1,31-03-17,Charge,WATER,60.47,WR1,7-7688D
1,31-03-17,Charge,WATER,17.98,WR1,5-1020T
1,31-03-17,Charge,WATER,34.31,WR1,7-6160C
1,31-03-17,Charge,WATER,21.97,WR1,10-9496V
1,31-03-17,Charge,WATER,38.67,WR1,7-5552J
1,31-03-17,Charge,WATER,56.11,WR1,12-2075I
1,31-03-17,Charge,WATER,25.96,WR1,10-8741O
1,31-03-17,Charge,WATER,21.97,WR1,2-8534W
1,31-03-17,Charge,WATER,13.99,WR1,7-8094F
1,31-03-17,Charge,WATER,56.11,WR1,14-5656B
1,31-03-17,Charge,WATER,25.96,WR1,11-3773K
1,31-03-17,Charge,WATER,29.95,WR1,13-6054M
1,31-03-17,Charge,WATER,47.39,WR1,9-1113V
1,31-03-17,Charge,WATER,60.47,WR1,8-7545W
1,31-03-17,Charge,WATER,25.96,WR1,12-2648N
1,31-03-17,Charge,WATER,17.98,WR1,15-6420X
1,31-03-17,Charge,WATER,13.99,WR1,3-1347P
1,31-03-17,Charge,WATER,51.75,WR1,14-2332N
1,31-03-17,Charge,WATER,25.96,WR1,3-7530U
1,31-03-17,Charge,WATER,13.99,WR1,9-6296P
1,31-03-17,Charge,WATER,102.89,WR1,2-5568A
1,31-03-17,Charge,WATER,43.03,WR1,14-6838A
1,31-03-17,Charge,WATER,34.31,WR1,9-4297I
1,31-03-17,Charge,WATER,25.96,WR1,6-2143Q
1,31-03-17,Charge,WATER,29.95,WR1,8-2011Y
1,31-03-17,Charge,WATER,21.97,WR1,15-7102I
1,31-03-17,Charge,WATER,29.95,WR1,7-6999A
1,31-03-17,Charge,WATER,13.99,WR1,5-7507X
1,31-03-17,Charge,WATER,60.47,WR1,4-4085N
1,31-03-17,Charge,WATER,43.03,WR1,9-5134B
1,31-03-17,Charge,WATER,13.99,WR1,13-2063R
1,31-03-17,Charge,WATER,38.67,WR1,7-7918T
1,31-03-17,Charge,WATER,10,WR1,13-5613A
1,31-03-17,Charge,WATER,25.96,WR1,2-4250O
1,31-03-17,Charge,WATER,60.47,WR1,1-7704K
1,31-03-17,Charge,WATER,15.35,W1C,7-1556Y
1,31-03-17,Charge,WATER,17.98,WR1,15-1759K
1,31-03-17,Charge,WATER,29.95,WR1,3-9967X
1,31-03-17,Charge,WATER,25.96,WR1,7-6381R
1,31-03-17,Charge,WATER,25.96,WR1,7-4585E
1,31-03-17,Charge,WATER,21.97,WR1,6-3064C
1,31-03-17,Charge,WATER,17.98,WR1,3-9144X
1,31-03-17,Charge,WATER,47.39,WR1,9-7598E
1,31-03-17,Charge,WATER,21.97,WR1,11-8433S
1,31-03-17,Charge,WATER,25.96,WR1,9-2393P
1,31-03-17,Charge,WATER,25.96,WR1,7-4440A
1,31-03-17,Charge,WATER,21.97,WR1,14-9536M
1,31-03-17,Charge,WATER,25.96,WR1,4-7167Y
1,31-03-17,Charge,WATER,67.54,WR1,15-9474B
1,31-03-17,Charge,WATER,34.31,WR1,12-1908O
1,31-03-17,Charge,WATER,13.99,WR1,15-4377B
1,31-03-17,Charge,WATER,38.67,WR1,10-9176V
1,31-03-17,Charge,WATER,51.75,WR1,5-4530D
1,31-03-17,Charge,WATER,38.67,WR1,9-7131Z
1,31-03-17,Charge,WATER,17.98,WR1,13-2053V
1,31-03-17,Charge,WATER,21.97,WR1,7-6959U
1,31-03-17,Charge,WATER,43.03,WR1,14-4222P
1,31-03-17,Charge,WATER,21.97,WR1,12-4499S
1,31-03-17,Charge,WATER,13.99,WR1,4-4661D
1,31-03-17,Charge,WATER,38.67,WR1,4-3786I
1,31-03-17,Charge,WATER,34.31,WR1,4-7054V
1,31-03-17,Charge,WATER,43.03,WR1,13-6748C
1,31-03-17,Charge,WATER,51.75,WR1,13-1600W
1,31-03-17,Charge,WATER,29.95,WR1,12-2230K
1,31-03-17,Charge,WATER,25.96,WR1,4-1192P
1,31-03-17,Charge,WATER,51.75,WR1,5-1951A
1,31-03-17,Charge,WATER,56.11,WR1,11-5406V
1,31-03-17,Charge,WATER,29.95,WR1,11-4870O
1,31-03-17,Charge,WATER,17.98,WR1,1-6921D
1,31-03-17,Charge,WATER,17.98,WR1,15-2156Q
1,31-03-17,Charge,WATER,38.67,WR1,10-3317C
1,31-03-17,Charge,WATER,17.98,WR1,4-1935S
1,31-03-17,Charge,WATER,25.96,WR1,9-6445C
1,31-03-17,Charge,WATER,38.67,WR1,7-9611E
1,31-03-17,Charge,WATER,25.96,WR1,12-4716I
1,31-03-17,Charge,WATER,29.95,WR1,8-3172D
1,31-03-17,Charge,WATER,34.31,WR1,3-9570M
1,31-03-17,Charge,WATER,21.97,WR1,6-9749Y
1,31-03-17,Charge,WATER,10,WR1,2-3820O
1,31-03-17,Charge,WATER,13.99,WR1,10-9304W
1,31-03-17,Charge,WATER,34.31,WR1,5-7197W
1,31-03-17,Charge,WATER,74.61,WR1,9-6516J
1,31-03-17,Charge,WATER,10,WR1,10-6977F
1,31-03-17,Charge,WATER,34.31,WR1,14-1153N
1,31-03-17,Charge,WATER,13.99,WR1,6-2563T
1,31-03-17,Charge,WATER,38.67,WR1,12-1288N
1,31-03-17,Charge,WATER,13.99,WR1,1-8948B
1,31-03-17,Charge,WATER,34.31,WR1,1-4972E
1,31-03-17,Charge,WATER,38.67,WR1,2-6180K
1,31-03-17,Charge,WATER,51.75,WR1,1-2256F
1,31-03-17,Charge,WATER,29.95,WR1,10-2522R
1,31-03-17,Charge,WATER,51.75,WR1,1-5681V
1,31-03-17,Charge,WATER,21.97,WR1,10-2884P
1,31-03-17,Charge,WATER,38.67,WR1,15-8294C
1,31-03-17,Charge,WATER,25.96,WR1,8-5076C
1,31-03-17,Charge,WATER,29.95,WR1,12-4717Y
1,31-03-17,Charge,WATER,10,WR1,6-7240W
1,31-03-17,Charge,WATER,67.54,WR1,7-3408U
1,31-03-17,Charge,WATER,25.96,WR1,8-1533S
1,31-03-17,Charge,WATER,34.31,WR1,9-3430N
1,31-03-17,Charge,WATER,47.39,WR1,7-2413X
1,31-03-17,Charge,WATER,29.95,WR1,8-9704P
1,31-03-17,Charge,WATER,29.95,WR1,11-1878J
1,31-03-17,Charge,WATER,25.96,WR1,15-2242J
1,31-03-17,Charge,WATER,29.95,WR1,8-1454D
1,31-03-17,Charge,WATER,21.97,WR1,8-2899B
1,31-03-17,Charge,WATER,25.96,WR1,10-3612F
1,31-03-17,Charge,WATER,38.67,WR1,11-9471Q
1,31-03-17,Charge,WATER,29.95,WR1,6-7349T
1,31-03-17,Charge,WATER,38.67,WR1,3-9865F
1,31-03-17,Charge,WATER,47.39,WR1,1-5759E
1,31-03-17,Charge,WATER,47.39,WR1,2-4674O
1,31-03-17,Charge,WATER,25.96,WR1,13-5294P
1,31-03-17,Charge,WATER,38.67,WR1,8-6167O
1,31-03-17,Charge,WATER,25.96,WR1,12-7876W
1,31-03-17,Charge,WATER,25.96,WR1,9-7174K
1,31-03-17,Charge,WATER,10,WR1,9-8352I
1,31-03-17,Charge,WATER,10,WR1,10-4018Y
1,31-03-17,Charge,WATER,21.97,WR1,5-6935L
1,31-03-17,Charge,WATER,29.95,WR1,7-4926W
1,31-03-17,Charge,WATER,47.39,WR1,6-7538B
1,31-03-17,Charge,WATER,38.67,WR1,4-7856R
1,31-03-17,Charge,WATER,38.67,WR1,13-6710S
1,31-03-17,Charge,WATER,21.97,WR1,9-9309Y
1,31-03-17,Charge,WATER,29.95,WR1,1-6345B
1,31-03-17,Charge,WATER,13.99,WR1,11-7868K
1,31-03-17,Charge,WATER,17.98,WR1,2-3165L
1,31-03-17,Charge,WATER,10,WR1,7-7203G
1,31-03-17,Charge,WATER,38.67,WR1,7-4420J
1,31-03-17,Charge,WATER,10,WR1,3-8870L
1,31-03-17,Charge,WATER,60.47,WR1,6-4459C
1,31-03-17,Charge,WATER,34.31,WR1,15-7098B
1,31-03-17,Charge,WATER,25.96,WR1,8-2704P
1,31-03-17,Charge,WATER,10,WR1,3-3630A
1,31-03-17,Charge,WATER,29.95,WR1,3-2426A
1,31-03-17,Charge,WATER,25.96,WR1,4-4754E
1,31-03-17,Charge,WATER,34.31,WR1,9-7752B
1,31-03-17,Charge,WATER,43.03,WR1,14-6177H
1,31-03-17,Charge,WATER,29.95,WR1,3-5976L
1,31-03-17,Charge,WATER,43.03,WR1,12-7623Z
1,31-03-17,Charge,WATER,25.96,WR1,12-5636R
1,31-03-17,Charge,WATER,47.39,WR1,9-6831K
1,31-03-17,Charge,WATER,17.98,WR1,14-8502H
1,31-03-17,Charge,WATER,25.96,WR1,5-1161D
1,31-03-17,Charge,WATER,56.11,WR1,12-8180M
1,31-03-17,Charge,WATER,34.31,WR1,4-9139G
1,31-03-17,Charge,WATER,25.96,WR1,8-3298B
1,31-03-17,Charge,WATER,34.31,WR1,4-1059D
1,31-03-17,Charge,WATER,51.75,WR1,2-8660F
1,31-03-17,Charge,WATER,21.97,WR1,8-2914S
1,31-03-17,Charge,WATER,17.98,WR1,15-1087V
1,31-03-17,Charge,WATER,47.39,WR1,13-1127M
1,31-03-17,Charge,WATER,34.31,WR1,9-3954G
1,31-03-17,Charge,WATER,17.98,WR1,10-5974K
1,31-03-17,Charge,WATER,13.99,WR1,12-7633D
1,31-03-17,Charge,WATER,29.95,WR1,5-9229I
1,31-03-17,Charge,WATER,21.97,WR1,10-1939E
1,31-03-17,Charge,WATER,25.96,WR1,4-8323L
1,31-03-17,Charge,WATER,74.61,WR1,1-2660Y
1,31-03-17,Charge,WATER,81.68,WR1,6-7255V
1,31-03-17,Charge,WATER,25.96,WR1,13-6046L
1,31-03-17,Charge,WATER,38.67,WR1,12-7417Q
1,31-03-17,Charge,WATER,38.67,WR1,14-1614L
1,31-03-17,Charge,WATER,51.75,WR1,6-5042I
1,31-03-17,Charge,WATER,29.95,WR1,5-1056R
1,31-03-17,Charge,WATER,38.67,WR1,15-8055Y
1,31-03-17,Charge,WATER,124.1,WR1,12-1885Z
1,31-03-17,Charge,WATER,43.03,WR1,3-2357M
1,31-03-17,Charge,WATER,43.03,WR1,11-4982U
1,31-03-17,Charge,WATER,13.99,WR1,11-4668T
1,31-03-17,Charge,WATER,29.95,WR1,14-1010G
1,31-03-17,Charge,WATER,29.95,WR1,11-6945Z
1,31-03-17,Charge,WATER,21.97,WR1,12-8496T
1,31-03-17,Charge,WATER,25.96,WR1,11-2545P
1,31-03-17,Charge,WATER,51.75,WR1,7-9935Q
1,31-03-17,Charge,WATER,67.54,WR1,6-6840R
1,31-03-17,Charge,WATER,29.95,WR1,15-6994N
1,31-03-17,Charge,WATER,47.39,WR1,5-3255X
1,31-03-17,Charge,WATER,47.39,WR1,13-9315Y
1,31-03-17,Charge,WATER,43.03,WR1,14-6102B
1,31-03-17,Charge,WATER,25.96,WR1,2-4621E
1,31-03-17,Charge,WATER,21.97,WR1,7-3848S
1,31-03-17,Charge,WATER,43.03,WR1,7-8612G
1,31-03-17,Charge,WATER,29.95,WR1,4-2882L
1,31-03-17,Charge,WATER,29.95,WR1,10-8025J
1,31-03-17,Charge,WATER,47.39,WR1,3-3984P
1,31-03-17,Charge,WATER,17.98,WR1,11-9990H
1,31-03-17,Charge,WATER,13.99,WR1,9-6038C
1,31-03-17,Charge,WATER,29.95,WR1,7-3368A
1,31-03-17,Charge,WATER,34.31,WR1,11-2669Z
1,31-03-17,Charge,WATER,25.96,WR1,7-9292U
1,31-03-17,Charge,WATER,10,WR1,6-8248Z
1,31-03-17,Charge,WATER,29.95,WR1,4-6033I
1,31-03-17,Charge,WATER,21.97,WR1,12-8913B
1,31-03-17,Charge,WATER,47.39,WR1,9-5942Q
1,31-03-17,Charge,WATER,60.47,WR1,8-8219Z
1,31-03-17,Charge,WATER,74.61,WR1,8-8961G
1,31-03-17,Charge,WATER,47.39,WR1,7-2347T
1,31-03-17,Charge,WATER,25.96,WR1,15-5989T
1,31-03-17,Charge,WATER,21.97,WR1,9-5366G
1,31-03-17,Charge,WATER,43.03,WR1,14-2068W
1,31-03-17,Charge,WATER,21.97,WR1,2-7112Z
1,31-03-17,Charge,WATER,25.96,WR1,11-4054T
1,31-03-17,Charge,WATER,43.03,WR1,12-4915I
1,31-03-17,Charge,WATER,25.96,WR1,2-5735V
1,31-03-17,Charge,WATER,25.96,WR1,6-8940Z
1,31-03-17,Charge,WATER,29.95,WR1,2-7644G
1,31-03-17,Charge,WATER,29.95,WR1,12-6362J
1,31-03-17,Charge,WATER,34.31,WR1,2-1689T
1,31-03-17,Charge,WATER,47.39,WR1,10-4021V
1,31-03-17,Charge,WATER,43.03,WR1,4-3702M
1,31-03-17,Charge,WATER,34.31,WR1,10-1210O
1,31-03-17,Charge,WATER,34.31,WR1,10-2517A
1,31-03-17,Charge,WATER,47.39,WR1,4-5063L
1,31-03-17,Charge,WATER,138.24,WR1,12-3532K
1,31-03-17,Charge,WATER,21.97,WR1,1-7759Q
1,31-03-17,Charge,WATER,74.61,WR1,14-2146X
1,31-03-17,Charge,WATER,26.05,W1C,2-9327N
1,31-03-17,Charge,WATER,2380.55,W1C,7-5801U
1,31-03-17,Charge,WATER,15.35,W1C,7-5170W
1,31-03-17,Charge,WATER,10,W1C,5-3381Y
1,31-03-17,Charge,WATER,47.45,W1C,7-6537E
1,31-03-17,Charge,WATER,15.35,W1C,5-4534F
1,31-03-17,Charge,WATER,10,W1C,5-3723A
1,31-03-17,Charge,WATER,20.7,W1C,3-8256E
1,31-03-17,Charge,WATER,31.4,W1C,12-5680R
1,31-03-17,Charge,WATER,10,W1C,2-6354Y
1,31-03-17,Charge,WATER,197.25,W1C,9-5251X
1,31-03-17,Charge,WATER,10,W1C,7-7360F
1,31-03-17,Charge,WATER,26.05,W1C,7-8337L
1,31-03-17,Charge,WATER,34.31,WR1,13-2235H
1,31-03-17,Charge,WATER,51.75,WR1,13-9877W
1,31-03-17,Charge,WATER,29.95,WR1,10-7152L
1,31-03-17,Charge,WATER,43.03,WR1,10-3153Q
1,31-03-17,Charge,WATER,81.68,WR1,3-5831C
1,31-03-17,Charge,WATER,25.96,WR1,8-3167W
1,31-03-17,Charge,WATER,10,W1C,8-2192B
1,31-03-17,Charge,WATER,42.1,W1C,1-7588M
1,31-03-17,Charge,WATER,79.55,W1C,7-5299Y
1,31-03-17,Charge,WATER,648.55,W1C,3-5966O
1,31-03-17,Charge,WATER,20.7,W1C,2-2862U
1,31-03-17,Charge,WATER,20.7,W1C,6-3722P
1,31-03-17,Charge,WATER,10,W1C,7-7523Y
1,31-03-17,Charge,WATER,10,W1C,7-4006T
1,31-03-17,Charge,WATER,15.35,W1C,9-5335M
1,31-03-17,Charge,WATER,10,W1C,10-8091G
1,31-03-17,Charge,WATER,20.7,W1C,8-2348N
1,31-03-17,Charge,WATER,10,WR2,10-9793P
1,31-03-17,Charge,WATER,31.95,WR2,15-5430G
1,31-03-17,Charge,WATER,166.69,WR2,7-2239Q
1,31-03-17,Charge,WATER,46.35,WR2,15-5567H
1,31-03-17,Charge,WATER,27.56,WR2,13-1199S
1,31-03-17,Charge,WATER,55.95,WR2,10-2948O
1,31-03-17,Charge,WATER,96.67,WR2,4-3345F
1,31-03-17,Charge,WATER,112.23,WR2,2-9679N
1,31-03-17,Charge,WATER,182.25,WR2,5-9687Y
1,31-03-17,Charge,WATER,46.35,WR2,14-8552C
1,31-03-17,Charge,WATER,31.95,WR2,4-8315Z
1,31-03-17,Charge,WATER,73.33,WR2,3-7527M
1,31-03-17,Charge,WATER,41.55,WR2,13-9037E
1,31-03-17,Charge,WATER,120.01,WR2,2-3309X
1,31-03-17,Charge,WATER,23.17,WR2,2-4485O
1,31-03-17,Charge,WATER,36.75,WR2,2-5005J
1,31-03-17,Charge,WATER,23.17,WR2,11-1859Q
1,31-03-17,Charge,WATER,46.35,WR2,13-2255R
1,31-03-17,Charge,WATER,65.55,WR2,4-8755H
1,31-03-17,Charge,WATER,27.56,WR2,1-3629W
1,31-03-17,Charge,WATER,295.29,WR2,12-8009R
1,31-03-17,Charge,WATER,81.11,WR2,6-9520R
1,31-03-17,Charge,WATER,65.55,WR2,5-3295M
1,31-03-17,Charge,WATER,14.39,WR2,8-6694R
1,31-03-17,Charge,WATER,36.75,WR2,3-7916C
1,31-03-17,Charge,WATER,36.75,WR2,9-9316V
1,31-03-17,Charge,WATER,41.55,WR2,6-1746X
1,31-03-17,Charge,WATER,14.39,WR2,2-4323X
1,31-03-17,Charge,WATER,10,WR2,10-5238V
1,31-03-17,Charge,WATER,41.55,WR2,10-3598D
1,31-03-17,Charge,WATER,46.35,WR2,5-6749L
1,31-03-17,Charge,WATER,46.35,WR2,15-4624S
1,31-03-17,Charge,WATER,31.95,WR2,14-7355P
1,31-03-17,Charge,WATER,55.95,WR2,2-8477K
1,31-03-17,Charge,WATER,10,WR2,7-3860T
1,31-03-17,Charge,WATER,65.55,WR2,2-9040N
1,31-03-17,Charge,WATER,51.15,WR2,5-5304B
1,31-03-17,Charge,WATER,41.55,WR2,7-7316S
1,31-03-17,Charge,WATER,151.13,WR2,7-4342W
1,31-03-17,Charge,WATER,31.95,WR2,14-2887J
1,31-03-17,Charge,WATER,55.95,WR2,7-8668B
1,31-03-17,Charge,WATER,65.55,WR2,15-4119F
1,31-03-17,Charge,WATER,41.55,WR2,11-7200G
1,31-03-17,Charge,WATER,158.91,WR2,10-7533J
1,31-03-17,Charge,WATER,60.75,WR2,5-3687H
1,31-03-17,Charge,WATER,23.17,WR2,2-1442B
1,31-03-17,Charge,WATER,36.75,WR2,13-6620Y
1,31-03-17,Charge,WATER,27.56,WR2,11-7606D
1,31-03-17,Charge,WATER,60.75,WR2,13-4139K
1,31-03-17,Charge,WATER,31.95,WR2,3-4847M
1,31-03-17,Charge,WATER,41.55,WR2,11-8373L
1,31-03-17,Charge,WATER,182.25,WR2,13-9455R
1,31-03-17,Charge,WATER,10,WR2,12-5837X
1,31-03-17,Charge,WATER,120.01,WR2,7-8073N
1,31-03-17,Charge,WATER,55.95,WR2,6-1873N
1,31-03-17,Charge,WATER,73.33,WR2,7-1921R
1,31-03-17,Charge,WATER,10,WR2,6-1512B
1,31-03-17,Charge,WATER,23.17,WR2,11-6040U
1,31-03-17,Charge,WATER,81.11,WR2,10-4869E
1,31-03-17,Charge,WATER,65.55,WR2,9-2838O
1,31-03-17,Charge,WATER,73.33,WR2,14-8285T
1,31-03-17,Charge,WATER,73.33,WR2,14-2626P
1,31-03-17,Charge,WATER,60.75,WR2,14-8523J
1,31-03-17,Charge,WATER,166.69,WR2,15-8803X
1,31-03-17,Charge,WATER,197.81,WR2,9-7655B
1,31-03-17,Charge,WATER,38.67,WR4,11-1079Y
1,31-03-17,Charge,WATER,43.03,WR4,2-7211W
1,31-03-17,Charge,WATER,109.96,WR4,3-7135S
1,31-03-17,Charge,WATER,43.03,WR4,2-7248K
1,31-03-17,Charge,WATER,67.54,WR4,11-6231Y
1,31-03-17,Charge,WATER,47.39,WR4,3-7804V
1,31-03-17,Charge,WATER,21.97,WR4,14-7912Y
1,31-03-17,Charge,WATER,25.96,WR4,12-8512N
1,31-03-17,Charge,WATER,51.75,WR4,11-5984W
1,31-03-17,Charge,WATER,47.39,WR4,13-2166U
1,31-03-17,Charge,WATER,34.31,WR4,13-4022I
1,31-03-17,Charge,WATER,13.99,WR4,13-1368H
1,31-03-17,Charge,WATER,17.98,WR4,15-9289G
1,31-03-17,Charge,WATER,331,W4C,10-9284V
1,31-03-17,Charge,WATER,240.05,W4C,7-8821B
1,31-03-17,Charge,WATER,43.03,WR4,1-7456R
1,31-03-17,Charge,WATER,51.75,WR4,10-6252S
1,31-03-17,Charge,WATER,261.45,W4M,15-4309X
1,31-03-17,Charge,WATER,449.2,W4M,11-2924F
1,31-03-17,Charge,WATER,95.82,WR4,4-3096G
1,31-03-17,Charge,WATER,38.67,WR4,11-4550X
1,31-03-17,Charge,WATER,21.97,WR4,6-2273G
1,31-03-17,Charge,WATER,34.31,WR4,10-4195R
1,31-03-17,Charge,WATER,47.39,WR4,14-6853G
1,31-03-17,Charge,WATER,38.67,WR4,5-4665Y
1,31-03-17,Charge,WATER,38.67,WR4,6-5603L
1,31-03-17,Charge,WATER,38.67,WR4,9-1043A
1,31-03-17,Charge,WATER,34.31,WR4,4-8925W
1,31-03-17,Charge,WATER,25.96,WR4,9-8051B
1,31-03-17,Charge,WATER,13.99,WR4,7-9237P
1,31-03-17,Charge,WATER,25.96,WR4,2-7511H
1,31-03-17,Charge,WATER,21.97,WR4,10-7091N
1,31-03-17,Charge,WATER,38.67,WR4,9-5784V
1,31-03-17,Charge,WATER,74.61,WR4,2-6795V
1,31-03-17,Charge,WATER,51.75,WR4,11-2874L
1,31-03-17,Charge,WATER,29.95,WR4,5-2202Y
1,31-03-17,Charge,WATER,43.03,WR4,15-2097J
1,31-03-17,Charge,WATER,51.75,WR4,2-1180Q
1,31-03-17,Charge,WATER,34.31,WR4,5-4410V
1,31-03-17,Charge,WATER,38.67,WR4,5-7739H
1,31-03-17,Charge,WATER,67.54,WR4,12-1867S
1,31-03-17,Charge,WATER,29.95,WR4,4-9768S
1,31-03-17,Charge,WATER,51.75,WR4,10-4546Z
1,31-03-17,Charge,WATER,38.67,WR4,6-3254B
1,31-03-17,Charge,WATER,38.67,WR4,10-6427I
1,31-03-17,Charge,WATER,17.98,WR4,3-4167R
1,31-03-17,Charge,WATER,43.03,WR4,5-5165I
1,31-03-17,Charge,WATER,47.39,WR4,5-2313F
1,31-03-17,Charge,WATER,17.98,WR4,6-9837Z
1,31-03-17,Charge,WATER,21.97,WR4,1-2268G
1,31-03-17,Charge,WATER,10,WR4,10-2551W
1,31-03-17,Charge,WATER,10,WR4,1-8622G
1,31-03-17,Charge,WATER,21.97,WR4,6-3576Y
1,31-03-17,Charge,WATER,228.48,WR4,6-2267L
1,31-03-17,Charge,WATER,43.03,WR4,4-1262Q
1,31-03-17,Charge,WATER,10,W4C,2-4017S
1,31-03-17,Charge,WATER,13.99,WR4,6-7843W
1,31-03-17,Charge,WATER,342.58,WR4,7-1830Z
1,31-03-17,Charge,WATER,67.54,WR4,9-4565E
1,31-03-17,Charge,WATER,109.96,WR4,1-8672K
1,31-03-17,Charge,WATER,51.75,WR4,11-2046K
1,31-03-17,Charge,WATER,51.75,WR4,13-2538Q
1,31-03-17,Charge,WATER,47.39,WR4,8-1718V
1,31-03-17,Charge,WATER,21.97,WR4,12-7221A
1,31-03-17,Charge,WATER,17.98,WR4,9-8045K
1,31-03-17,Charge,WATER,47.39,WR4,13-3796L
1,31-03-17,Charge,WATER,21.97,WR4,7-1806F
1,31-03-17,Charge,WATER,43.03,WR4,15-4614M
1,31-03-17,Charge,WATER,10,WR4,7-4889V
1,31-03-17,Charge,WATER,74.61,WR4,14-6823B
1,31-03-17,Charge,WATER,29.95,WR4,11-9546L
1,31-03-17,Charge,WATER,17.98,WR4,2-6191I
1,31-03-17,Charge,WATER,21.97,WR4,2-5463K
1,31-03-17,Charge,WATER,13.99,WR4,7-4304D
1,31-03-17,Charge,WATER,138.24,WR4,6-4755X
1,31-03-17,Charge,WATER,21.97,WR4,5-4089Y
1,31-03-17,Charge,WATER,25.96,WR4,4-9010Q
1,31-03-17,Charge,WATER,43.03,WR4,4-3101O
1,31-03-17,Charge,WATER,17.98,WR4,5-2233Z
1,31-03-17,Charge,WATER,51.75,WR4,9-9909K
1,31-03-17,Charge,WATER,34.31,WR4,12-4272A
1,31-03-17,Charge,WATER,34.31,WR4,9-1451P
1,31-03-17,Charge,WATER,43.03,WR4,12-3081A
1,31-03-17,Charge,WATER,131.17,WR4,1-1521E
1,31-03-17,Charge,WATER,43.03,WR4,14-8490Q
1,31-03-17,Charge,WATER,60.47,WR4,13-5418H
1,31-03-17,Charge,WATER,145.31,WR4,1-2272O
1,31-03-17,Charge,WATER,38.67,WR4,15-1615R
1,31-03-17,Charge,WATER,43.03,WR4,13-2581V
1,31-03-17,Charge,WATER,17.98,WR4,1-9565M
1,31-03-17,Charge,WATER,21.97,WR4,8-7551H
1,31-03-17,Charge,WATER,124.1,WR4,10-5000X
1,31-03-17,Charge,WATER,88.75,WR4,9-2400Z
1,31-03-17,Charge,WATER,21.97,WR4,5-9991L
1,31-03-17,Charge,WATER,21.97,WR4,3-6738D
1,31-03-17,Charge,WATER,56.11,WR4,3-3341B
1,31-03-17,Charge,WATER,10,WR4,5-6298L
1,31-03-17,Charge,WATER,10,WR4,7-8316R
1,31-03-17,Charge,WATER,47.39,WR4,7-5868W
1,31-03-17,Charge,WATER,29.95,WR4,6-8823D
1,31-03-17,Charge,WATER,13.99,WR4,12-9833R
1,31-03-17,Charge,WATER,21.97,WR4,14-5399G
1,31-03-17,Charge,WATER,25.96,WR4,13-7115E
1,31-03-17,Charge,WATER,34.31,WR4,10-1631E
1,31-03-17,Charge,WATER,21.97,WR4,4-4505I
1,31-03-17,Charge,WATER,38.67,WR4,10-1502Q
1,31-03-17,Charge,WATER,38.67,WR4,1-7288Q
1,31-03-17,Charge,WATER,21.97,WR4,9-7570M
1,31-03-17,Charge,WATER,21.97,WR4,8-2223Y
1,31-03-17,Charge,WATER,29.95,WR4,14-3347N
1,31-03-17,Charge,WATER,38.67,WR4,3-8962Y
1,31-03-17,Charge,WATER,81.68,WR4,7-1838T
1,31-03-17,Charge,WATER,43.03,WR4,6-4670F
1,31-03-17,Charge,WATER,56.11,WR4,4-5454L
1,31-03-17,Charge,WATER,47.39,WR4,9-5071Q
1,31-03-17,Charge,WATER,29.95,WR4,1-2681U
1,31-03-17,Charge,WATER,38.67,WR4,3-5789Y
1,31-03-17,Charge,WATER,25.96,WR4,1-3572S
1,31-03-17,Charge,WATER,74.61,WR4,8-8075I
1,31-03-17,Charge,WATER,38.67,WR4,11-3614D
1,31-03-17,Charge,WATER,74.61,WR4,12-6236Q
1,31-03-17,Charge,WATER,15.35,W4C,3-2897G
1,31-03-17,Charge,WATER,60.47,WR4,6-1312R
1,31-03-17,Charge,WATER,21.97,WR4,2-8543H
1,31-03-17,Charge,WATER,13.99,WR4,5-1025R
1,31-03-17,Charge,WATER,34.31,WR4,15-4032P
1,31-03-17,Charge,WATER,47.39,WR4,1-6667K
1,31-03-17,Charge,WATER,38.67,WR4,8-6522X
1,31-03-17,Charge,WATER,17.98,WR4,4-8489W
1,31-03-17,Charge,WATER,10,WR4,4-6647A
1,31-03-17,Charge,WATER,68.85,W4C,11-7780R
1,31-03-17,Charge,WATER,47.39,WR4,13-4722E
